"Level1","Level2","Level3","Level4","Level5","Nationals","ForeignResidents","Address"
"1F",,,,,5,7,"Esc. Nº26 ""Hipólito Yrigoyen"" - Av. San Juan 353"
"1F",,,,,5,,"Inst. María Auxiliadora - Av. Juan de Garay 556 / s/n"
"1F",,,,,5,,"Esc. Nº3 ""Bernardino Rivadavia"" - Bolivar 1235"
"1F",,,,,3,,"Inst. Simón Bolivar - Bolivar 1163"
"1F",,,,,4,,"Esc. Interdisciplinaria Nº3 - Piedras 1430"
"1F",,,,,3,,"Esc. Nº27 ""Dean Funes"" - Defensa 1431"
"1F",,,,,5,,"Esc. Nº4 ""B. Fernández Moreno"" - Perú 1357"
"1F",,,,,5,,"Esc. Nº21 ""Hipólito Vieytes"" - Perú 946"
"1F",,,,,4,8,"Esc. Nº1 ""Valentín Gómez"" - Av. Independencia 758"
"1F",,,,,3,,"Esc. Nº22 ""Dr. Guillermo Rawson"" - Humberto I 343"
"1F",,,,,3,,"Colegio Nº7 ""J. M. Pueyrredón"" - Chacabuco 922"
"1F",,,,,4,,"Jardín de Infantes N° 3 ""San Telmo"" - Piedras 860"
"1F",,,,,3,,"Esc. Nº 37 “Francisco Gatti” - Av. Independencia 672"
"1F",,,,,5,,"UBA - Facultad de Ingeniería - Av. Paseo Colón 850"
"1E",,,,,10,2,"U.C.A.- Edificio Santo Tomás Moro - Av. A. Moreau de Justo 1400"
"1E",,,,,8,2,"U.C.A.- Edificio San Alberto Magno - Av. A. Moreau de Justo 1500"
"1A",,,,,11,14,"Esc. Nº25 ""Bandera Argentina"" - Letonia s/n y Combate de Costa Brava"
"1A",,,,,10,8,"Esc. Nº6 ""Padre C. Mugica"" - Letonia 1940"
"1A",,,,,11,10,"Esc. Infantil Nº5 - Letonia 1928"
"1A",,,,,5,20,"Esc. Nac. de Náutica Manuel Belgrano - Av. Antártida Argentina 1535"
"1A",,,,,4,,"Inst. en Lenguas Vivas ""J. R. Fernández"" - Carlos Pellegrini 1515"
"1A",,,,,6,6,"Esc. Nº2 ""D. F. Sarmiento"" - Av. Pte. Manuel Quintana 31"
"1A",,,,,9,,"Jardín de Infantes Nº4 ""Cinco Esquinas"" - Av. Pte. Manuel Quintana 7"
"1A",,,,,11,7,"Colegio Nº2 ""D. F. Sarmiento"" - Libertad 1257"
"1A",,,,,6,,"Colegio Mallinckrodt - Juncal 1160 / 1178"
"1A",,,,,3,,"Colegio Jesus María – Gimnasio - Uruguay 1241"
"1A",,,,,4,,"Asociación Argentina de Cultura Inglesa - Suipacha 1333"
"1A",,,,,10,6,"USAL - Facultad de Psicología - M. T. de Alvear 1337"
"1A",,,,,4,,"UCES - Paraguay 1318"
"1A",,,,,8,,"Inst. C. Ramos Mejía de Bunge - Paraguay 1252"
"1A",,,,,10,4,"Esc. Nº6 ""French y Beruti"" - Basavilbaso 1295"
"1A",,,,,7,,"Jardín de Infantes N°2 - Juncal 690"
"1D",,,,,7,6,"Colegio de Nuestra Señora - Esmeralda 759"
"1D",,,,,4,8,"Esc. Nº4 ""de Catedral J. M. Estrada"" - Reconquista 461"
"1D",,,,,5,9,"Esc. Nº13 ""Gral. San Martín"" - San Martín 458"
"1D",,,,,3,,"Círculo Policía Federal - Sede Social - San Martín 353"
"1D",,,,,10,,"Bolsa de Comercio de Buenos Aires - 25 de Mayo 359"
"1D",,,,,10,,"Palacio Libertad - Av. Leandro N. Alem 351"
"1B",,,,,4,9,"Esc. Nº5 ""Rodríguez Peña"" - Rodríguez Peña 747"
"1B",,,,,3,,"Inst. Libre de Segunda Enseñanza - Libertad 555"
"1B",,,,,7,,"Esc. Nº7 ""Presidente Roca"" - Libertad 581"
"1B",,,,,8,,"Esc. Nº19 ""Alejandro Volta"" - Rodríguez Peña 551"
"1B",,,,,6,,"Esc. Nº8 ""Nicolás Avellaneda"" - Talcahuano 680"
"1B",,,,,4,,"Colegio Público de Abogados - Av. Corrientes 1441"
"1B",,,,,3,7,"UMSA - Facultad de Artes - Sarmiento 1565"
"1B",,,,,7,,"Complejo Teatro San Martín - Av. Corrientes 1530"
"1B",,,,,7,8,"Club GEBA - Sede Aldao - Bartolomé Mitre 1149"
"1B",,,,,9,,"Esc. Nº9 ""Familia de Cabezón"" - Tte. Gral. J. D. Perón 1140"
"1B",,,,,8,,"UMSA - Av. Corrientes 1723"
"1B",,,,,12,,"Colegio Don Bosco - Solís 252 / Moreno s/n"
"1B",,,,,10,,"Inst. Santa Rosa - Bartolomé Mitre 1655 / s/n"
"1B",,,,,8,,"Inst. Nuestra Señora de Montserrat - Av. Belgrano 1344"
"1C",,,,,,11,"UBA - Facultad de Cs. Sociales - Santiago del Estero 1029"
"1B",,,,,8,8,"UADE - Av. Independencia 1127"
"1B",,,,,8,4,"Inst. Los Robles - Pte. Luis Sáenz Peña 443"
"1B",,,,,4,,"Esc. Nº2 ""Fray C. Rodríguez"" - Chile 1670"
"1B",,,,,10,,"Esc. Nº14 ""Gral. Mariano Necochea"" - Pte. Luis Sáenz Peña 463"
"1B",,,,,4,,"Esc. Nº13 ""Pcia. De Santiago del Estero"" - Chile 1371"
"1D",,,,,3,,"Inst. Priv. Cámara Argentina de Comercio - Av. Rivadavia 970"
"1D",,,,,4,6,"Colegio Nacional de Buenos Aires - Bolívar 263 / Moreno 519"
"1D",,,,,4,,"Defensoría del Pueblo - Av. Belgrano 570"
"1D",,,,,4,,"Inst. Nac. de la Administración Pública - Av. Belgrano 637"
"1D",,,,,5,8,"Esc. Nº4 “Cnel. Isidoro Suárez” - Venezuela 771"
"1F",,,,,3,,"Inst. Superior Octubre - Venezuela 356"
"1D",,,,,3,,"Inst. Celia Martínez de Varela - Av. Paseo Colón 465 / 469"
"1D",,,,,3,,"Universidad ISALUD - Venezuela 847"
"1F",,,,,9,,"Esc. Nº3 ""María Sánchez de Thompson"" - Tacuarí 567"
"1F",,,,,10,,"Esc. Sta. Catalina de Alejandría -Gimnasio - Av. Caseros 851"
"1F",,,,,6,,"Colegio Esteban Echeverría - Av. San Juan 983"
"1F",,,,,4,7,"Inst. Felicia Ramón de Palacios - Av. Brasil 882"
"1F",,,,,4,,"Inst. San Vicente de Paul - Carlos Calvo 924"
"1C",,,,,7,11,"UBA - Facultad de Cs. Sociales - San José 1064"
"1C",,,,,3,,"Esc. Nº7 ""Gral. Güemes"" - Carlos Calvo 1140"
"1C",,,,,5,,"Esc. Nº5 ""Agustín Álvarez"" - Humberto I 1573"
"1C",,,,,4,,"Colegio Inmaculada Concepción - Carlos Calvo 1186"
"1C",,,,,6,,"Colegio N°1 ""Bernardino Rivadavia"" - Av. San Juan 1545 / s/n"
"1C",,,,,8,,"UBA - Facultad de Cs. Sociales - Santiago del Estero 1029"
"1C",,,,,5,3,"Esc. Nº16 ""Eustaquio Cárdenas"" - Salta 1226"
"1C",,,,,8,,"Colegio de la Providencia - Cochabamba 1414"
"1C",,,,,4,4,"Esc. Nº11 ""Dr. Ricardo Gutiérrez"" - Pte. L S. Peña 1215 / Av. San Juan s/n"
"1C",,,,,4,,"Inst. Los Ángeles - Primaria - Virrey Cevallos 1287"
"1C",,,,,4,,"Inst. Vocacional de Arte - Av. Juan de Garay 1684"
"1C",,,,,4,6,"Esc. Nº6 ""Tomás Guido"" - San José 1985"
"1C",,,,,10,,"Esc. Nº4 ""Cnel. de Marina T. Espora"" - Solís 1815"
"1C",,,,,4,,"Jardín de Infantes ""Walt Disney"" - San José 1980"
"1C",,,,,3,,"Inst. Los Ángeles - Secundaria - Av. Entre Ríos 1956"
"1C",,,,,9,4,"Inst. Hogar del Pino - Constitución 1650"
"2A",,,,,19,4,"UBA - Facultad de Derecho - Av. Figueroa Alcorta 2263"
"2A",,,,,3,,"Esc. Nacional de Bibliotecarios - Agüero 2502"
"2A",,,,,10,7,"UBA - Facultad de Derecho - Av. Figueroa Alcorta 2263"
"2A",,,,,7,,"Esc. Nº21 ""Ángel Gallardo"" - Ayacucho 1849"
"2A",,,,,3,,"Inst. Nuestra Señora del Pilar - Vicente López 1969"
"2A",,,,,18,,"Esc. Nº1 ""Juan José Castelli"" - Ayacucho 1680"
"2A",,,,,4,7,"Esc. Nº18 ""Dr. Herrera Vegas"" - Av. Gral. Las Heras 3086"
"2A",,,,,6,,"Colegio San Tarsicio - Juncal 2623"
"2A",,,,,9,,"Esc. Nº24 ""Cornelia Pizarro"" - Peña 2670"
"2B",,,,,5,,"Alianza Francesa - Centro Fortabat - Billinghurst 1926"
"2A",,,,,4,,"Inst. María Bianchi de Copello - Pacheco de Melo 2455"
"2B",,,,,12,,"Esc. Nº10 ""Gregoria Pérez"" - Arenales 2733"
"2A",,,,,4,,"Colegio Río de la Plata - Secundaria - Laprida 1635"
"2A",,,,,19,,"Inst. San Agustín - Agüero 2320 / s/n"
"2A",,,,,8,,"Inst. San Miguel - Larrea 1254"
"2A",,,,,4,,"Inst. Padre Etcheverry Boneo - Juncal 2131"
"2A",,,,,5,10,"Colegio San Pablo - Pacheco de Melo 2300"
"2B",,,,,9,,"Liceo Nacional Nº1 ""J. F. Alcorta"" - Av. Santa Fe 2778"
"2A",,,,,3,,"Colegio Río de la Plata - Primaria - Dr. T. M. de Anchorena 1644"
"2B",,,,,7,,"Inst. Mercedes Pacheco - Dr. T. M. de Anchorena 1553"
"2A",,,,,6,,"UBA - Facultad de Ingeniería - Av. Gral Las Heras 2214"
"2A",,,,,4,,"Oakhill School -  Sede Recoleta - Juncal 1914"
"2A",,,,,14,7,"Inst. Nuestra Señora de la Misericordia - Azcuénaga 1630"
"2B",,,,,3,,"Sede Comunal Nº2 - J. E. Uriburu 1022"
"2A",,,,,9,,"Colegio La Anunciata - Arenales 2065"
"2B",,,,,12,,"Esc. Carlos Pellegrini - M. T. de Alvear 1851 / 1875"
"2B",,,,,10,,"Esc. Interdisciplinaria Nº1 - Ayacucho 953"
"2B",,,,,9,,"Esc. Argentina Modelo - Riobamba 1059"
"2B",,,,,5,,"Casa del Bicentenario - Riobamba 985"
"2B",,,,,,7,"Esc. Nº1 ""R. Saenz Peña"" - Primaria - Paraguay 1950"
"2B",,,,,16,2,"Esc. Nº3 ""Onésimo Leguizamón"" - Av. Sta Fe 1510 / Paraná 1068"
"2B",,,,,9,,"Inst. del Carmen - Paraguay 1706"
"2B",,,,,8,,"Colegio Champagnat - Montevideo 1046"
"2B",,,,,7,,"Inst. Inmaculada C. de M. Adoratrices - Uruguay 936"
"2B",,,,,3,2,"Esc. Infantil Nº7 “Palacio Pizzurno” - Paraguay 1452"
"2B",,,,,4,4,"USAL - Facultad de Medicina - Av. Córdoba 1601"
"2B",,,,,8,,"Esc. Nº1 ""R. Saenz Peña"" - Secundaria - Av. Córdoba 1951"
"2B",,,,,8,,"Esc. Nº1 ""R. Saenz Peña"" - Primaria - Paraguay 1950"
"2B",,,,,8,4,"Esc. Nº23 ""Bernardino Rivadavia"" - Larrea 854"
"2B",,,,,10,5,"U.B.A.- Facultad de Medicina - Paraguay 2155"
"2B",,,,,10,6,"Esc. Nº2 ""Juan Larrea"" - Laprida 1235"
"2B",,,,,7,,"Colegio Edmondo de Amicis - Dr. N. Quirno Costa 1260"
"2B",,,,,11,6,"Esc. Nº6 ""Manuel Belgrano"" - Ecuador 1158 / s/n"
"2B",,,,,3,,"I.C.A.P.A. - Dr. T. M. de Anchorena 1266"
"2B",,,,,3,,"El Jardín de Palermo - Charcas 3082"
"2B",,,,,9,,"Inst. Los Angeles Custodios - Gral. Lucio N. Mansilla 2588"
"2B",,,,,6,,"Jardin Montessori Sunrise - Gallo 1261"
"2B",,,,,5,3,"Esc. Nº13 ""Rep. de Iran"" - José A. Cabrera 3484"
"2B",,,,,8,,"Colegio Aletheia – Gimnasio - Gallo 1353"
"2B",,,,,4,,"Inst. Educativo Guido Spano - Billinghurst 1355"
"2B",,,,,7,4,"Inst. Vocacional Argentino - Charcas 3034"
"2B",,,,,3,,"Jardín de infantes Nº4 - José A. Cabrera 3430"
"2B",,,,,6,,"UP - Facultad de Cs. Sociales - Mario Bravo 1259"
"3A",,,,,5,12,"Esc. Nº8 ""Dr. Arturo Mateo Bas"" - Tucumán 3233"
"3A",,,,,6,,"Esc. Nº23 ""T. M. de Anchorena"" - Dr. T. M. de Anchorena 855"
"3A",,,,,4,,"Esc. Nº24 ""Pcia. de Catamarca"" - Jean Jaures 870"
"3A",,,,,4,,"Esc. Nº14 ""J. M. de Pueyrredón"" - Boulogne Sur Mer 635"
"3A",,,,,4,,"Jardín de Infantes N°8 ""El Jardín del Abasto"" - San Luis 3224"
"3A",,,,,5,,"UP- Facultad de Arquitectura - Ecuador 931"
"3A",,,,,4,,"UP - Facultad de Diseño y Comunicación - Jean Jaures 932"
"3C",,,,,7,,"UBA – Fac. de Cs. Económicas - Av. Córdoba 2150"
"3C",,,,,5,10,"Esc. Nº10 ""Pte. Manuel Quintana"" - Lavalle 2366 / 2374"
"3C",,,,,8,7,"UBA – Fac. de Cs. Económicas - J.E.Uriburu 781"
"3C",,,,,3,,"Inst. Tea y Deportea - Lavalle 2067"
"3C",,,,,3,,"Colegio Corazón de Jesús - Ayacucho 480"
"3C",,,,,9,,"Colegio La Salle - Riobamba 696"
"3C",,,,,4,,"Colegio del Salvador - Av. Callao 542 / 592"
"3C",,,,,3,8,"Esc. N°9 “Domingo F. Sarmiento” - Av. Callao 450 / Pje. E. S. Discépolo 1842"
"3C",,,,,3,,"Esc. Nº2 ""Dr. A. Bermejo"" - Riobamba 623"
"3C",,,,,3,,"Esc. Nº2 ""Dr. A. Bermejo"" - Polideportivo - Av. Callao 628"
"3C",,,,,3,,"Colegio La Salle - Tucumán 1901"
"3C",,,,,3,,"Inst. San Luis Gonzaga - Tte. Gral. J. D. Perón s/n y Ayacucho"
"3C",,,,,4,,"Polideportivo Cangallo Schule - Tte. Gral J. D. Perón 1953 / 1955"
"3C",,,,,4,,"Colegio Santo Tomás de Aquino - Tte. Gral. J. D. Perón 1862"
"3C",,,,,4,4,"UNA - Dpto. de Crítica de Artes - Bme. Mitre 1869 / 1889"
"3A",,,,,12,,"Esc. Nº16 ""Pte. Mitre"" - Sarmiento 2832"
"3A",,,,,5,8,"Esc. Nº 6 ""Gral. Martín Rodríguez"" - Dr. T. M. de Anchorena 441"
"3A",,,,,7,,"Colegio Nº5 ""Bartolomé Mitre"" - Valentín Gómez 3163"
"3A",,,,,4,6,"Parque de la Estación - Escuela Abierta - Tte. Gral. J. D. Perón 3326"
"3C",,,,,7,6,"Esc. Cangallo Schule - Tte. Gral J. D. Perón 2169 / 2151"
"3C",,,,,4,8,"UBA - Centro de Idiomas - Junín 224"
"3C",,,,,3,,"Centro Galicia de Buenos Aires - Bartolomé Mitre 2552"
"3C",,,,,9,,"Esc. Nº14 ""Cornelio Saavedra"" - Sarmiento 2250"
"3C",,,,,4,,"Inst. Argentino Gallego Santiago Apostol - Paso 51"
"3C",,,,,3,,"Polideportivo Paula Montal - Bartolomé Mitre 2232"
"3C",,,,,9,5,"Colegio San José - Bartolomé Mitre 2455"
"3A",,,,,4,6,"UBA - Facultad de Psicología - Hipólito Yrigoyen 3242"
"3A",,,,,7,6,"Inst. Arcángel San Miguel - Dr. T. M. de Anchorena 41"
"3A",,,,,12,,"Esc. Nº2 ""Mariano Acosta"" - Gral. Urquiza 277"
"3A",,,,,8,,"Esc. N.º13 “Gral M. Zapiola” - Gral. Urquiza 229"
"3A",,,,,4,,"Esc. Infantil Nº6 - Catamarca 342"
"3A",,,,,5,7,"Esc. Nº5 ""Paul Groussac"" - Catamarca 462"
"3A",,,,,6,,"Esc. Nº12 ""Rep. del Paraguay"" - Agrelo 3231"
"3A",,,,,5,,"Inst. 9 de Julio - La Rioja 660"
"3A",,,,,3,,"Jardin de Infantes Nº11 - Venezuela 3269"
"3B",,,,,5,,"UBA -  Facultad de Psicología - Av. Independencia 3065"
"3A",,,,,6,,"Liceo Nº10 ""Ricardo Rojas"" - Av. Jujuy 150"
"3C",,,,,3,3,"Círculo de Suboficiales de la PFA - Av. Belgrano 2584"
"3B",,,,,9,,"Esc.Nº25 ""Tte.1 de Artillería F. L. Beltran"" - Av. Jujuy 780"
"3B",,,,,12,6,"Esc. Nº6 ""Dr. Guillermo Correa"" - Saavedra 695"
"3C",,,,,11,8,"Esc. Nº15 ""Narciso de Laprida"" - México 2383"
"3C",,,,,9,,"Esc. Nº34 ""Monseñor M. D'Andrea"" - Moreno 2135"
"3C",,,,,10,,"Esc. Nº9 ""Mariano Moreno"" - Moreno 2104 / Rincón s/n"
"3C",,,,,5,2,"Colegio Proyecto Sur - Adolfo Alsina 2185"
"3C",,,,,4,,"Colegio Isabel Conde de Hernández - Moreno 1859"
"3C",,,,,7,,"Inst. Don Orione - Hipólito Yrigoyen 2074"
"3B",,,,,8,,"Colegio Euskal Echea – Gimnasio - Chile 2054 / 2056"
"3B",,,,,9,7,"Esc. Nº5 ""José de San Martín"" - Av. Entre Ríos 751"
"3B",,,,,3,2,"Colegio Euskal Echea -  Jardín de Infantes - Chile 2018"
"3C",,,,,5,,"Biblioteca del Congreso de la Nación - Adolfo Alsina 1835"
"3B",,,,,5,5,"Inst. Santa Cruz - 24 de Noviembre 950"
"3B",,,,,6,,"Esc. Nº11 ""José Federico Moreno"" - Humberto I 3171"
"3B",,,,,3,,"Esc. Nº15 ""Luis Chinetti"" - Estados Unidos 3141 /  P. Bernardo  876"
"3B",,,,,4,,"Esc. Nº7 ""Olegario V. Andrade"" - 24 de Noviembre 1536"
"3B",,,,,5,,"Esc. Nº8 ""Pte. Julio A. Roca"" – Primario - Carlos Calvo 3150"
"3B",,,,,4,,"Esc. Nº9 ""Dr. Luis R. Mc. Kay"" - Carlos Calvo 3176"
"3B",,,,,9,,"Esc. Nº3 ""Rufino Sánchez "" - La Rioja 850"
"3B",,,,,7,,"Esc. Nº8 ""Pte. Julio A. Roca"" – Secundario - La Rioja 1042"
"3B",,,,,8,,"Esc. Nº17 ""Luis José Chorroarín"" - Carlos Calvo 2827"
"3B",,,,,8,,"Inst. San Cristóbal - Av. Jujuy 1241 / s/n"
"3B",,,,,4,6,"Esc. Nº10 ""Francisco de Gurruchaga"" - Av. Jujuy 1471"
"3B",,,,,8,6,"Esc. Nº11 ""Manuel Belgrano"" - Cochabamba 2830"
"3B",,,,,3,,"Esc. Nueva Esperanza - Av. Juan de Garay 2715 / s/n"
"3B",,,,,4,,"Jardín de Infantes Nº1 ""José de San Martín"" - Humberto I 2861"
"3B",,,,,7,6,"Esc. Nº25 ""Gervasio Posadas"" - Av. San Juan 2277"
"3B",,,,,10,,"Esc. Nº21 ""Carlos Pellegrini"" - Av. Entre Ríos 1341"
"3B",,,,,10,,"Esc. Nº22 ""Carlos Pellegrini"" - Av. Entre Ríos 1359"
"3B",,,,,9,,"Esc. Nº23 ""Gral. Viamonte"" - Pasco 961"
"3B",,,,,8,4,"Inst. Ntra. Sra. del Huerto - Av. Independencia 2140"
"4A",,,,,14,,"Inst. Félix F. Bernasconi - Catulo Castillo 2750"
"4A",,,,,13,6,"Inst. Ntra. Sra. de Luján - Rondeau 2624"
"4A",,,,,7,,"Esc. Nº26 ""Brigadier M. de Azcuénaga"" - Pichincha 1873"
"4A",,,,,6,,"Esc. Nº11 ""Ricardo Levene"" - Dean Funes 1821"
"4A",,,,,5,,"Inst. San Vicente de Paul - 24 de Noviembre 1665"
"4A",,,,,7,,"Esc. Nº2 ""José María Gutiérrez"" - La Rioja 1846"
"4A",,,,,4,4,"Club Bristol - La Rioja 1869"
"4A",,,,,4,,"Club Atlético Huracán - Av. Caseros 3159"
"4A",,,,,4,5,"Esc. Nº2 ""Patricios"" - Av. Almafuerte 66"
"4A",,,,,3,,"Esc. Nº19 ""Pcia. de Formosa"" - Elia 473"
"4A",,,,,4,,"Club Atletico Piraña - Elia 678"
"4A",,,,,3,,"Jardín de infantes N°18 - Uspallata 3325"
"4A",,,,,3,,"C.B.O. Nº1 Evita - Los Patos 3080"
"4A",,,,,4,,"Esc. Nº28 ""Argentina China"" - Los Patos 3042 / s/n"
"4A",,,,,7,,"Esc. Nº7 ""Dolores Lavalle de Lavalle"" - Zavaleta 204"
"4A",,,,,4,,"Esc. Nº18 ""Reino de Suecia"" - Juan Carlos Gómez 253"
"4A",,,,,4,,"Esc. Nº18 ""Juan E. Pestalozzi"" - Av. Caseros 2152"
"4A",,,,,4,6,"Inst. La Inmaculada - Patagones 2759 / s/n"
"4D",,,,,10,5,"Esc. Nº11 ""Rep. de Haití"" - Lafayette 1879"
"4D",,,,,9,23,"Esc. Nº10 “Estanislao de Zavaleta” - Iguazú 1110"
"4D",,,,,10,7,"Inst. Sagrado Corazón - California 3018"
"4A",,,,,4,,"Esc. Nº25 ""Marcos Paz"" - Av. Amancio Alcorta 2502"
"4A",,,,,11,6,"ITBA - Sede Parque Patricios - Los Patos 2802"
"4D",,,,,13,10,"Inst. Nuestra Sra. del Buen Consejo - Santa Maria del Buen Ayre 953"
"4D",,,,,4,,"Esc. Nº8 ""Carlos Norberto Vergara"" - Av. Amancio Alcorta 1934"
"4D",,,,,4,,"Esc. Nº28 ""Francisco P. Moreno"" - José A. Salmun Feijoo 1073"
"4D",,,,,8,,"Esc. Nº5 ""Gral. Martín M. de Güemes"" - Arcamendia 743"
"4D",,,,,3,,"Esc. Nº5 ""Gral. Martín M. de Güemes"" - Arcamendia 793"
"4D",,,,,4,,"Centro CENTES Nº1 - Dr. Ramón Carrillo 317"
"4D",,,,,3,5,"Esc. Nº10 ""Fray Luis Beltrán"" - Vieytes 942"
"4D",,,,,4,,"Colegio Parroquial Santa Elisa - Salta 2290 / Ambrosio Olmos 1257"
"4D",,,,,3,,"Esc. Nº25 ""Arzobispo Mariano A. Espinoza"" - Av. Montes de Oca 807"
"4D",,,,,7,,"Inst. Santa María del Rosario - Herrera 575"
"4D",,,,,4,5,"Esc. Nº13 ""Fray Mamerto Esquiú"" - Salom 332"
"4D",,,,,4,,"Esc. Nº24 ""Pte. Derqui"" - California 1925 / s/n"
"4D",,,,,4,,"Jardín de infantes N°2 ""Antonio Aberastain"" - San Antonio 1136"
"4D",,,,,4,,"Esc N°27 ""Manuel de Sarratea"" - Vieytes 1469"
"4D",,,,,4,,"Esc N°9 ""José P. Varela"" - Luzuriaga 1571"
"4D",,,,,5,,"Esc. Nº20 ""Nieves Escalada de Oromi"" - San Antonio 682 / s/n"
"4D",,,,,4,,"Centro de Formación Profesional N°1 - Rio Cuarto 1993"
"4D",,,,,5,,"Colegio Cruz del Sur - Rio Cuarto 2560 / 2562"
"4D",,,,,6,5,"Esc. Nº7 ""Juan de Garay"" - Av. Caseros 734"
"4D",,,,,10,,"Esc. de Bellas Artes Manuel Belgrano - Wenceslao Villafañe 1342"
"4D",,,,,7,,"Esc. Nº3 ""Bernardo de Irigoyen"" - Av. Montes de Oca 439"
"4D",,,,,6,,"Esc. Nº4 ""Rep. del Líbano"" - Av. Montes de Oca 121"
"4D",,,,,11,,"Esc. Nº1 ""Rep. de Bolivia"" - Gral. Hornos 530"
"4D",,,,,4,3,"Inst. Santa Felicitas - Pinzón 1480"
"4D",,,,,11,,"Inst. Zaccaría - Av. Montes de Oca 1844"
"4D",,,,,13,,"Esc. Nº1 ""Joaquín V. González"" - Av. Montes de Oca 1356"
"4C",,,,,7,2,"Esc. Nº3 ""Juan Martín Gutiérrez"" - Rocha 1226"
"4C",,,,,3,5,"Esc. Nº4 ""José Jacinto Berrutti"" - Quinquela Martin 1081 / A. Nuñez s/n"
"4C",,,,,12,,"Esc. Nº13 ""Rep. de Chile"" - Suárez 1145"
"4C",,,,,3,,"Esc. Nº19 ""República Italiana"" - Rio Cuarto 1249"
"4C",,,,,3,,"Inst. San Pedro - Benito Quinquela Martin 1171"
"4C",,,,,6,,"Esc. Nº11 ""Antonio J. Bucich"" - Brandsen 1057"
"4C",,,,,6,9,"Esc. Nº3 ""Casa Amarilla"" - Palos 210"
"4C",,,,,4,,"Esc. Nº9 ""Pedro de Mendoza"" - Av. Pedro de Mendoza 1835"
"4C",,,,,6,,"Esc. Nº1 “Alte. Guillermo Brown” - Aristóbulo del Valle 471"
"4C",,,,,4,,"Esc. Nº10 ""Gral. G. Aráoz de Lamadrid"" - Gral. G. Aráoz de Lamadrid 499"
"4C",,,,,3,,"Esc. Nº29 ""Manuel Belgrano"" - Gral. G. Aráoz de Lamadrid 676"
"4C",,,,,6,,"Esc. Nº14 ""Agustín R. Caffarena"" - Necochea 1136"
"4C",,,,,5,,"Colegio María Auxiliadora - Palos 560 / Brandsen 590"
"4C",,,,,6,,"Colegio San Juan Evangelista - Gral. G. Araoz de Lamadrid 447"
"4C",,,,,4,9,"Usina del Arte - Agustín R. Caffarena 1"
"4C",,,,,3,,"Esc. N°3 ""Htal. Gral. de Agudos Argerich"" - Azopardo 1504"
"4C",,,,,12,,"Esc. Nº8 ""Carlos Della Pena"" - E. Braun Menéndez 260"
"4C",,,,,6,,"Inst. Madre de los Emigrantes - Necochea 330"
"4C",,,,,4,,"Esc. Nº2 ""Dr. Carlos R. Vignale"" - Wenceslao Villafañe 453"
"4C",,,,,6,,"Esc. Interdisciplinaria Nº4 - Av. Alte Brown 473"
"4C",,,,,8,,"C.A.B.J.Polideportivo B. Quinquela Martín - Arzobispo Espinosa 565"
"4B",,,,,4,,"Esc. Nº24 ""Contralmte. Martín Guerrico"" - Lynch 3536"
"4B",,,,,4,,"Inst. San Vicente de Paul - Alberto Einstein 599"
"4B",,,,,3,,"Esc. Nº23 ""Dr. Lorenzo Anadón"" - Traful 3847"
"4B",,,,,4,,"Esc. Nº16 ""Sabina B. de Bozzalla"" - Av. Amancio Alcorta 3402"
"4B",,,,,3,4,"Colegio Ntra. Sra. de la Divina Providencia - Cachi 724 / 730"
"4B",,,,,3,3,"Club Franja de Oro - Av. Amancio Alcorta 3950"
"4B",,,,,3,,"Esc. Nº17 ""Pedro Melitón Ledesma"" - Traful 3835 / s/n"
"4B",,,,,4,,"Club Miriñaque - Lynch 3471"
"4B",,,,,3,,"Esc N°2 ""Dr. Genaro Sisto"" - Tilcara 3365"
"4B",,,,,4,,"Inst. San Antonio de Padua - Tilcara 3178"
"4B",,,,,4,,"Esc. Nº33 ""F. M. del Plumerillo"" - Av. Int. Francisco Rabanal 1549 / s/n"
"4B",,,,,4,,"Esc. Nº6 ""Dr. Adolfo Saldías"" - Echauri 1576"
"4B",,,,,4,,"Esc. Nº13 ""Pte. Alberti"" - Itaquí 2050"
"4B",,,,,3,,"Esc. Nº3 ""Prof. Carlos J. Forit"" - Tilcara 2856"
"4B",,,,,5,8,"Inst. Nueva Pompeya - Fournier 3157"
"4B",,,,,7,,"Esc. Nº5 ""Pcia. de Corrientes"" - Av. Caseros 4050"
"4B",,,,,9,8,"Esc. Nº14 ""Pcia. de San Luis"" - Cachi 77"
"4B",,,,,7,,"Esc. Nº7 ""Aeronáutica Argentina"" - Quilmes 473"
"4B",,,,,3,,"Esc. Nº1 ""María Silventi de Amato "" - Alagón 300"
"4B",,,,,6,,"Esc. Nº10 ""Homero Manzi"" - A. Pedro Arbeletche 1052"
"4B",,,,,6,,"Jardín de infantes N°15 - Andres Ferreyra 3705"
"4B",,,,,10,6,"Esc. Nº22 ""Juana Azurduy"" - Mom 2358"
"4B",,,,,5,,"Esc. Nº21 - Andrés Ferreyra 3749"
"5B",,,,,6,,"Esc. Nº20 ""Eloy Fernández Alonso"" - Muñiz 2147"
"5B",,,,,4,7,"Esc. Nº8 ""Almafuerte"" - Maza 1913"
"5B",,,,,9,,"Esc. Nº23 ""Pcia. de Entre Ríos"" - Av. Boedo 1935"
"5B",,,,,11,,"Esc. Nº26 ""Rep. de Colombia"" - Av. Juan de Garay 3972"
"5B",,,,,10,,"C.A.S.L.A. - Polideportivo Lorena Alloni - Salcedo s/n y José Mármol"
"5B",,,,,8,,"Inst. María Auxiliadora - Av. Juan de Garay 4333"
"5B",,,,,5,,"Esc. Nº25 ""Paula A. de Sarmiento"" - Tarija 4136"
"5B",,,,,5,,"Esc. Nº22 ""Gustavo Martínez Zuviría"" - Constitución 4154"
"5B",,,,,5,2,"Esc. Nº6 San José de Calasanz - Av. La Plata 1038 / s/n"
"5B",,,,,8,,"Club Buenos Aires Sur - Cochabamba 3650"
"5B",,,,,5,3,"Polideportivo S.P.T. - Quintino Bocayuva 1274"
"5B",,,,,6,6,"Esc. Nº14 ""Intendente Alvear"" - Castro 954"
"5B",,,,,3,,"Esc. Nº29 ""Reconquista de Bs. As."" - Av. Boedo 760"
"5B",,,,,3,,"Instituto Mariano Boedo - Castro Barros 965 / s/n"
"5B",,,,,16,,"Club Estrella de Boedo - Constitución 4151"
"5B",,,,,16,,"Fundación Nueva Generación del Deporte - Quintino Bocayuva 1241"
"5A",,,,,7,,"Jardín de Infantes ""Cesar Coll"" - Hipólito Yrigoyen 4238"
"5A",,,,,9,,"Esc. Nº16 ""José M. Ramos Mejía"" - Don Bosco 4200"
"5B",,,,,6,,"Inst. San Antonio - México 4050"
"5A",,,,,3,,"Inst. del Profesorado - Sagrado Corazón - Av. La Plata 82"
"5A",,,,,10,,"Inst. Sagrado Corazón - Hipólito Yrigoyen 4350"
"5B",,,,,3,,"Colegio Nº10 José de San Martín - Quito 4041 / 4047"
"5A",,,,,4,6,"Fundación Gutenberg - Av. Belgrano 4299 / s/n"
"5A",,,,,10,3,"Esc. Nº18 ""Antonio Bermejo"" - Av. Belgrano 3767"
"5B",,,,,8,,"Esc. Nº4 ""Salvador M. del Carril"" - Quintino Bocayuva 620 / Agrelo s/n"
"5B",,,,,11,3,"Esc. Nº22 ""Martina Gurruchaga"" - Av. Boedo 657"
"5A",,,,,8,4,"Inst. San Francisco de Sales - Hipólito Yrigoyen 3900"
"5A",,,,,11,5,"Colegio Pío IX - Yapeyú 197 / 183"
"5A",,,,,8,,"ESEA de Cerámica Nº1 - Bulnes 45"
"5A",,,,,12,,"Colegio María Auxiliadora - Gimnasio - Castro Barros 175"
"5A",,,,,3,2,"Instituto Cruz Roja Argentina - Moreno 3363"
"5A",,,,,13,,"Inst. San Francisco de Sales - Gimnasio - Castro Barros 237"
"5A",,,,,5,2,"Esc. Nº18 ""Alejandro Carbo"" - Mario Bravo 234 / 242"
"5A",,,,,7,,"Esc. Nº22 ""Carlos J. Benielli"" - Sánchez de Bustamante 260"
"5A",,,,,11,3,"Esc. Nº18 ""Alejandro Carbo - Gimnasio"" - Mario Bravo 234 / s/n"
"5A",,,,,16,8,"Inst.Tierra Santa - Sánchez de Bustamante 124"
"5A",,,,,21,2,"Colegio Nacional Nº3 ""Mariano Moreno "" - Av. Rivadavia 3577 / Bme. Mitre s/n"
"5A",,,,,7,4,"Esc. Nº19 ""Francisco Balcarce"" - Fco. Acuña de Figueroa 850"
"5A",,,,,11,,"Colegio Inmaculada Concepción - Mario Bravo 563"
"5A",,,,,9,,"U.T.N. - Sede Medrano - Av. Medrano 951"
"5A",,,,,4,1,"Inst. William Morris - Lavalle 3761"
"5A",,,,,3,6,"Esc. Nº30 ""Dr. Norberto Piñero"" - Jerónimo Salguero 920"
"5A",,,,,4,,"Inst. Ntra. Señora del Valle - San Luis 3358"
"5A",,,,,10,,"Esc. Nº7 ""José María Torres"" - Av. Corrientes 4261"
"5A",,,,,5,7,"Colegio Betania - Fco. Acuña de Figueroa 855"
"5A",,,,,6,,"Colegio Galileo Galilei - Estado de Palestina 748"
"5A",,,,,7,,"Esc. Nº20 ""Rosario Vera Peñaloza"" - Pringles 1165"
"5A",,,,,9,,"Inst. Casa de Jesús - Yatay 869 / Pringles 878"
"5A",,,,,14,4,"Esc. Nº23 ""Gral. Manuel Belgrano"" - Pringles 263"
"5A",,,,,11,,"Inst. Benito Nazar - Estado de Palestina 1098"
"5A",,,,,9,,"Esc. Nº3 ""Manuel Solá"" - Lambare 975"
"5A",,,,,3,,"Univ. Arg. J. F. Kennedy - Colegio Sarmiento - Sarmiento 4550"
"5A",,,,,3,,"Inst. Nichia Gakuin - Secundaria - Pringles 268"
"5A",,,,,3,3,"Inst. Nichia Gakuin - Primaria - Yatay 255"
"5A",,,,,3,,"Inst. Sudamericano Modelo - Rio De Janeiro 671 / s/n"
"5A",,,,,11,4,"Esc. Nº11 ""Pcia. de Jujuy"" - Roberto Nuñez 4355"
"6A",,,,,6,8,"Esc. Nº7 ""Del Centenario"" - Río de Janeiro 986"
"6A",,,,,8,,"Esc. Nº17 ""Pte. Uriburu"" - Av. Ángel Gallardo 246"
"6A",,,,,7,,"Esc. Nº15 ""Gral. J. G. de Artigas"" - Dr. Eleodoro Lobos 437"
"6A",,,,,3,,"Esc. del Nuevo Sol - Dr. G. Aráoz Alfaro 373"
"6A",,,,,4,,"Esc. de la Paz - Venancio Flores 65"
"6A",,,,,6,,"Inst. Divino Rostro - L. Marechal 1041 / P. Argentinas s/n"
"6A",,,,,4,,"Esc. de Enfermería Cecilia Grierson - J. B. Ambrosetti 601"
"6A",,,,,5,,"Club Premier - Campichuelo 472"
"6A",,,,,6,,"UBA - CBC Sede Ramos Mejia - Ramos Mejia 843"
"6A",,,,,7,,"Jardín de Infantes Nº1 ""A. Ferreyra"" - E. Acevedo 609 / Estivao  s/n"
"6B",,,,,7,,"Esc. Nº11 ""Pte. M. T. de Alvear"" - Av. Juan B. Alberdi 163"
"6B",,,,,8,,"Inst. Santa María - Senillosa 568"
"6B",,,,,6,,"Esc. Nº3 ""Primera Junta"" - Av. Rivadavia 4817 / s/n"
"6B",,,,,6,,"Esc. Nº9 ""Florentino Ameghino"" - Av. La Plata 623"
"6B",,,,,10,9,"Esc. Nº19 ""Juan Montalvo"" - Formosa 136"
"6B",,,,,8,,"Inst. Calasanz - José Bonifacio 56"
"6B",,,,,6,,"Inst. SUMMA - Yerbal 57 / 71"
"6B",,,,,10,,"Jardín de Infantes Nº2 ""Margarita Ravioli"" - Campichuelo 100"
"6B",,,,,4,,"Club Italiano - Yerbal 150"
"6B",,,,,9,,"Club Oeste - Av. José María Moreno 446"
"6B",,,,,7,,"Esc. Nº 8 ""Antonio Schettino"" - Av. José María Moreno 480"
"6A",,,,,8,,"Instituto Ferro Carril Oeste - Martín de Gainza 331"
"6A",,,,,4,,"Esc Nº20 ""Tte. Benjamín Matienzo"" - Hidalgo 635"
"6A",,,,,6,,"Esc. Nº14 ""Ernesto Padilla"" - Felipe Vallese 835"
"6A",,,,,9,,"Club Ferro Carril Oeste - Martín de Gainza 270"
"6A",,,,,11,,"Club Ferro Carril Oeste - Martín de Gainza 260"
"6A",,,,,10,,"Club Ferro Carril Oeste - Martín de Gainza 250"
"6A",,,,,15,10,"Esc. Nº9 ""Ing. Luis A. Huergo"" - Martín de Gainza 1060"
"6A",,,,,3,,"Jardín de Infantes Nº20  ""La Veleta de Caballito"" - Hidalgo 627"
"6A",,,,,8,,"Colegio Integral Caballito - Dr. J. F. Aranguren 723"
"6B",,,,,13,,"Esc. Nº4 ""Estanislao S. Zeballos"" - Av. Rivadavia 4950"
"6B",,,,,16,,"Colegio Nº17 ""Primera Junta"" - Av. Rivadavia 5161"
"6B",,,,,12,,"Liceo Nº12 ""Fray Mamerto Esquiú"" - Av. José María Moreno 345"
"6B",,,,,13,10,"Esc. Nº4 ""Org. de Estados Americanos"" - Del Barco Centenera 747"
"6B",,,,,7,,"Inst. Dr. Damaso Centeno – Secundaria - Av. Rivadavia 5558"
"6B",,,,,10,,"Esc. Nº14 ""Joaquín V. González"" - Av. Pedro Goyena 984 / Cachimayo 532"
"6B",,,,,5,,"Jardín de Infantes Nº4 ""El Tranvía de Caballito"" - Del Barco Centenera 741"
"6B",,,,,6,,"Inst. Dr. Damaso Centeno – Primaria - Av. Rivadavia 5558 / s/n"
"6B",,,,,5,,"Instituto Educativo Modelo - Pasaje San Ireneo 154"
"6A",,,,,4,5,"Esc. Nº8 ""Pcia. de San Juan"" - Cnel. Apolinario Figueroa 1077"
"6A",,,,,12,,"Inst. Redemetrix Captivorum - Luis Viale s/n y Espinosa"
"6A",,,,,11,,"Esc. Nº19 ""Galicia"" - Luis Viale 1052"
"6A",,,,,3,,"Esc. Nº11 ""José Ignacio Gorriti"" - Nicasio Oroño 1429 / 1431"
"6A",,,,,3,,"Jardín de Infantes Nº4 - Espinosa 1243"
"6A",,,,,5,,"Círculo Italo Argentino Liber Piemont - Gral. Manuel Rodríguez 1191"
"6A",,,,,6,,"Inst. Santa Brígida - Av. Gaona 2068 / Alte. J. F. Seguí 901"
"6A",,,,,5,,"Inst. Monseñor Dillon - Alte. J. F. Seguí 863 / 823"
"6A",,,,,4,,"Esc. Nº24 ""Virgen Generala"" - Juan José Biedma 459"
"6A",,,,,5,,"Esc. Nº25 ""Rep. de Guatemala"" - Mendez de Andes 1451"
"6A",,,,,5,,"Inst. Orsino - Gral. Lorenzo Vintter 931"
"6A",,,,,6,,"Club Caballito Juniors - Nicasio Oroño 566"
"6A",,,,,6,,"Club Unión Marchigiana - Nicasio Oroño 457"
"6A",,,,,8,6,"Esc. Nº3 ""Hipólito Vieytes"" - Cucha Cucha 1050 / 1070"
"6A",,,,,5,,"Esc. Nº10 ""Arq. M. J. Buschiazzo"" - Felipe Vallese 975"
"6B",,,,,15,,"UBA - Facultad de Filosofía y Letras - Puan 480"
"6B",,,,,7,,"Inst. Cultural Marianista - Av. Rivadavia 5656"
"6B",,,,,9,,"Inst. Argentino Excelsior - Av. Rivadavia 6028 / s/n"
"6B",,,,,8,,"Esc. Nº3 ""M. A. Montes de Oca"" - Puan 360"
"6B",,,,,10,,"Esc. Nº4 ""Pte. Dr. Arturo Illia"" - Av. Rivadavia 6065"
"6B",,,,,3,,"Inst. Monseñor Sabelli - Victor Martinez 62 / 52"
"6B",,,,,6,,"Colegio San Cirano - Victor Martínez 30 / Av. Rivadavia 5672"
"6B",,,,,3,,"Inst. Provolo - Av. Juan B. Alberdi 1679"
"6B",,,,,3,8,"UBA – Anexo Facultad de Filosofía y Letras - José Bonifacio 1339"
"6B",,,,,5,,"Jardín de Infantes Nº3 ""La Porteña"" - Yerbal 1548"
"7B",,,,,6,3,"Esc. Nº7 ""Niñas de Ayohuma"" - Av. Asamblea 1221"
"7B",,,,,5,,"Inst. Nº2 ""Prof. F. W. Dickens"" - Av. Curapaligüe 1150"
"7B",,,,,10,,"Inst. Medalla Milagrosa - Av. Curapaligüe 1155 / 1127"
"7B",,,,,9,,"Club Gimnasio Chacabuco - Miro 750 / s/n"
"7B",,,,,6,,"Centro de Formación Profesional Nº6 - Av. Asamblea 153"
"7B",,,,,11,5,"Esc. Nº22 ""Antonio Zinny"" - Salas 565"
"7B",,,,,10,,"Esc. Nº17 ""Prof. R. Bernardelli"" - Estrada 627"
"7B",,,,,6,,"Esc. Nº8 ""Luis Vernet"" - Hortiguera 742"
"7B",,,,,14,,"Esc. Nº1 ""Chacabuco"" - Av. Eva Perón 1502"
"7B",,,,,5,7,"Esc. Nº15 ""Pcia. de Salta"" - Saraza 1353"
"7B",,,,,4,,"Esc. Nº24 ""Dr. Florian Oliver"" - Saraza 470"
"7B",,,,,5,,"Esc. de Form Educativa y Deportiva - Av. La Plata 1707"
"7B",,,,,4,,"Esc. Nº23 ""Canadá"" - Cachimayo 1735"
"7B",,,,,6,,"Esc. Santa Coloma - Santander 1150"
"7B",,,,,6,,"Esc. Nº10 ""Juan Agustín Maza"" - Cachimayo 1657"
"7B",,,,,3,,"Club Telégrafo y Crisol Unidos - Saraza 951"
"7B",,,,,5,,"Esc. Nº21 ""Juan José Paso"" - Beauchef 1869"
"7B",,,,,11,,"Inst. San Judas Tadeo - Somellera 1720"
"7B",,,,,9,,"Esc. Nº7 ""Tte. Manuel Felix Origone"" - Pumacahua 1247"
"7B",,,,,6,,"Esc. N°4 ""A. Tatin Ravello"" - Victor Martinez 1780"
"7B",,,,,5,9,"Club Peñarol - Zañartu 1547"
"7C",,,,,17,,"Colegio Nº9 ""Justo José de Urquiza"" - Condarco 290 / Bacacay s/n"
"7C",,,,,3,,"Esc. Nº1 ""Julio Cortázar"" - Bogotá 2759"
"7C",,,,,3,,"Centro de Formación Profesional Nº24 - Moron 2538"
"7C",,,,,15,12,"Colegio Schonthal - Av. Nazca 537 / 555"
"7C",,,,,10,,"Esc. Nº5 ""Rep. de Salvador"" - Gral. J. G. de Artigas 878"
"7C",,,,,6,,"Inst. Monseñor Aneiros de San José - Felipe Vallese 2549"
"7C",,,,,12,,"Esc. Nº5 ""Juan B. Peña"" - M. R. Trelles 948"
"7C",,,,,10,5,"Esc. Nº12 ""Facundo Zuviría"" - Franklin 1836"
"7C",,,,,12,,"Esc. Nº15 ""Cnel. C. T. Sourigues"" - J. F. Aranguren 2400 / F. C. Rodriguez s/n"
"7C",,,,,3,,"Esc. para el Hombre Nuevo - Granaderos 168"
"7C",,,,,12,,"Inst. Ntra. Sra. de Lourdes - Av. Rivadavia 6270"
"7C",,,,,3,,"Colegio ""La Obra"" - Caracas 325"
"7C",,,,,6,7,"Esc. Nº12 ""Pcia. del Chaco"" - Av. Avellaneda 2547"
"7C",,,,,4,,"Inst. Ana Maria Janer - Av. Juan Bautista Alberdi 2555 / s/n"
"7C",,,,,5,6,"Esc. Nº9 ""Jose Maria Paz"" - Cnel. Ramón  L. Falcón 2934"
"7C",,,,,8,4,"Asoc. Española de Socorros Mutuos - Pedernera 143"
"7C",,,,,3,,"Jardín de Infantes Nº1 - Av. San Pedrito 341"
"7C",,,,,8,,"Esc. Nº8 ""Cnel. Ing. Pedro Cerviño"" - Av. Varela 358"
"7C",,,,,6,,"Colegio del Libertador - Av. Directorio 2959 / s/n"
"7C",,,,,8,,"Colegio Limerick - Av.Varela 265 / s/n"
"7C",,,,,5,,"Inst. San José de Flores - José Bonifacio 2475 / s/n"
"7C",,,,,13,4,"Esc. Nº15 ""Rep. Oriental del Uruguay"" - Av. Carabobo 253"
"7C",,,,,5,,"Liceo Nº5 ""Pascual Guaglianone"" - Av. Carabobo 286 / José Bonifacio s/n"
"7C",,,,,12,4,"Esc. Nº19 ""Leandro N. Alem"" - Fray Cayetano Rodríguez 95 / s/n"
"7C",,,,,7,,"Esc. Nº5 ""R. de Escalada de San Martín"" - Av. Juan B. Alberdi 1845"
"7C",,,,,8,,"Esc. Nº9 ""José Ingenieros"" - Cnel. Ramón L. Falcón 2248"
"7C",,,,,4,,"Inst. Sara Chamberlain de Eccleston - Av. Carabobo 58"
"7C",,,,,4,,"Esc.Nº21 ""Cap. Hipolito Bouchard"" - Pumacahua 390"
"7A",,,,,6,,"Esc. Nº6 ""Dr. Carlos Vaz Ferreira"" - Av. Varela 1040"
"7A",,,,,3,,"Esc. Nº16 ""Santa Cruz y Espejo"" - Primera Junta 3445"
"7A",,,,,4,,"Esc. Nº12 ""Reconquista"" - Av. Varela 753"
"7A",,,,,4,6,"Esc. Nº10 ""Ing. Octavio S. Pico"" - Lafuente 559"
"7A",,,,,4,,"Esc. Nº5 ""A. G. de Ryan"" - Portela 734"
"7A",,,,,6,,"Club Pedro Echagüe - Portela 836"
"7A",,,,,5,,"Flores Club - Quirno 947"
"7A",,,,,3,,"Inst. Ntra. Sra. de Luján - Av. Carabobo 967"
"7A",,,,,7,,"Inst. G. de Honor del Santísimo Rosario - Lautaro 824"
"7A",,,,,3,,"Esc. Nº24 ""Dr. Pedro A. Torres"" - Lautaro 752 / s/n"
"7A",,,,,5,2,"Inst. Ntra. Sra. de la Misericordia - Camacua 493"
"7A",,,,,4,,"Inst. Virginio F. Grego - Av. Directorio 2220"
"7A",,,,,8,14,"Esc. Nº4 ""Benjamín Zorrilla"" - San Pedrito 1415 / 1425"
"7A",,,,,9,,"Esc. Nº23 “Gral. Savio” - San Pedrito 1137"
"7A",,,,,5,,"Colegio Armenio Arzruni - Jose Marti 1580"
"7A",,,,,6,8,"Inst. Santa Clara - Zuviria 2660"
"7A",,,,,4,12,"Esc. Nº22 ""Hipólito Bouchard"" - Avelino Diaz 2356"
"7A",,,,,15,,"Esc. Nº3 ""Prof. Carlos Geniso"" - Agustín de Vedia 2519"
"7A",,,,,3,10,"Esc. Nº13 ""Francisco Jacques"" - Lautaro 1440"
"7A",,,,,8,,"Club Daom - Av. Varela 1802"
"7A",,,,,3,27,"Club San Lorenzo de Almagro - Av. Fernández de la Cruz  2145"
"7B",,,,,3,3,"Esc. Nº 4 ""Ricardo Güiraldes"" - Av. Riestra 1850"
"7A",,,,,9,,"Colegio Armenio Arzruni - Gimnasio - Jose Marti 1561"
"7A",,,,,8,,"Inst. Elisa Harilaos - San Pedrito 1347 / s/n"
"7A",,,,,6,,"Inst. Coreano Argentino - Av. Asamblea 1840"
"7A",,,,,4,,"Inst. Santa Clara - Gimnasio - Culpina 1410 / s/n"
"8B",,,,,5,,"Esc. Nº9 ""Dr. José Benjamín Zubiaur"" - Carlos Berg 3460"
"8B",,,,,3,,"Esc. Nº14 ""C. María Remedios del Valle"" - Av. Int. Francisco Rabanal 2751"
"8B",,,,,4,,"Esc. Nº 8 ""Dr. Luis Federico Leloir"" - Av. Int. Francisco Rabanal 2275"
"8B",,,,,5,,"Inst. San José - Corrales 3188"
"8B",,,,,5,,"Esc. Nº17 ""Gaspar Lucilo Benavento"" - Corrales 3420 / s/n"
"8B",,,,,3,12,"Esc. Nº18 ""San Juan Bautista de La Salle"" - Corrales 3450"
"8B",,,,,6,12,"Inst. Cristo Obrero - Lafuente 3202"
"8B",,,,,5,,"Esc. Nº15 ""Evaristo Carriego"" - Portela 3150"
"8B",,,,,9,8,"Inst. Ntra. Sra. de Fátima - Portela 2750"
"8B",,,,,6,,"Esc. Nº5 de Reingreso - Av. F. Fernández de la Cruz 3605"
"8B",,,,,6,,"Esc. Nº20 ""Maestro C. A. Carranza"" - Martinez Castro 3061"
"8B",,,,,5,11,"Esc Nº19 ""Dr. Arturo Jauretche"" - Martínez Castro 3067"
"8B",,,,,5,,"Esc. N°21 ""Maestro Guillermo Barros"" - Mariano Acosta 2976"
"8B",,,,,7,,"Esc. N°19 “Rene Favaloro” - Cnel. M. Chilavert 2690"
"8B",,,,,4,,"Inst. Ntra Sra. de Las Gracias - Cóndor 2132"
"8B",,,,,4,,"Club Juventud Unida Villa Soldati - Av. Int. Francisco Rabanal 2821"
"8B",,,,,3,,"Inst. Isaac Bakchellian - Corrales 2527"
"8B",,,,,7,,"Inst. Cristo Obrero - Gimnasio - Cóndor 2947"
"8B",,,,,5,,"Club José Soldati - Lafuente 2931"
"8C",,,,,6,,"Esc. Nº13 ""Dr. Alfredo Lanari"" - Av. Piedra Buena 4863 / 4873"
"8C",,,,,5,6,"Esc. Nº16 ""Dr. Sofanor N. Corvalán"" - Berón de Astrada 6351"
"8C",,,,,3,,"Colegio Macnab Bernal - Secundaria - Itaquí 6900"
"8C",,,,,9,,"Colegio Macnab  Bernal - Primaria - Av. F. Fernández de la Cruz 6880"
"8C",,,,,7,,"Inst. Sagrada Familia - Cosquín 4951 / s/n"
"8C",,,,,7,,"Esc. N°18 ""Jorge Newbery"" - Av. Cnel. Roca 5898"
"8C",,,,,9,,"Club El Ideal - Montiel 5142"
"8A",,,,,11,,"Esc. Nº13 ""Ing. Jose Luis Delpini"" - Cnel. M. Chilavert 5460"
"8A",,,,,8,8,"Esc. Nº3 ""Cristobal Colón"" - Av. Larrazábal 4051"
"8A",,,,,6,8,"Esc. Nº4 ""Pcia. de Tucumán"" - Av. Riestra 5030"
"8A",,,,,8,,"Inst. Parroquial Mario F. Alsina - Martiniano Leguizamón 4030"
"8C",,,,,7,,"Esc. Nº15 ""Dr. Carlos Alberto Veronelli"" - Cafayate 5388"
"8C",,,,,8,,"Esc. de Bellas Artes Lola Mora - Av. Soldado de la Frontera 5155"
"8C",,,,,7,8,"Esc. Nº10 ""Ítalo Américo Foradori"" - Av. Larrazábal 5001"
"8C",,,,,6,10,"Esc. Nº5 ""Armada Argentina"" - Av. Larrazábal 4520"
"8C",,,,,7,8,"Esc. Nº1 ""Concejal  Alberto Salvatori"" - Cafayate 5115"
"8C",,,,,7,8,"Esc. Nº9 ""Hector Panizza"" - Berón de Astrada 5920"
"8C",,,,,7,9,"Esc. Nº6 ""Rep. de la India"" - Nicolás Descalzi 5425"
"8C",,,,,6,,"Esc. N°35 ""Leopoldo Marechal"" - Av. Larrazabal 5140"
"8C",,,,,14,,"Esc. N°2 ""Maestro Luis Vicente"" - Av. Larrazabal 5430"
"8A",,,,,10,,"Esc. N°14 ""Dr. Ricardo Levene"" - Cañada de Gómez 4548"
"8A",,,,,8,,"Club Yupanqui - Guamini 4502 / 4512"
"8C",,,,,6,,"UBA - CBC  Sede Lugano - Cam. Parque Victoria 5347"
"8A",,,,,7,,"Club Atlético Lugano - Jose Ignacio Rucci 4170"
"8A",,,,,7,,"Club Lomas de Lugano - Albariño 3619"
"8A",,,,,6,,"Jardín de Infantes N°3 - Av. Piedra Buena 3100"
"8A",,,,,5,,"Jardín de Infantes Nº1 ""Sudamérica"" - Zuviría 6680"
"8B",,,,,10,18,"UTN - Campus Universitario - Mozart 2300"
"8A",,,,,3,10,"Esc. Nº15 ""Rep. Argentina"" - Av. Castañares 4689"
"8A",,,,,7,6,"Esc. Nº21 ""Soldado de Malvinas"" - Goleta Santa Cruz 6999"
"8A",,,,,4,,"Esc. Nº 20 ""Dra. A. Moreau de Justo"" - Goleta Santa Cruz 6997"
"8A",,,,,8,,"Inst. Ntra. Sra. de la Paz - Av. Piedra Buena 3595"
"8A",,,,,4,,"Esc. Nº11 ""Ponciano Vivanco"" - Oliden 2851"
"8A",,,,,8,10,"Esc. Nº12 ""Juan XXIII"" - Aquino 6040"
"8A",,,,,8,,"Esc. Nº9 ""Homero Manzi"" - Miralla 2666"
"8A",,,,,7,,"Inst. Don Orione - Av. Piedra Buena 3848"
"8A",,,,,6,7,"Esc. Nº8 ""Judith y Demetrio Demarchi"" - José Ignacio Rucci 3961"
"8A",,,,,8,,"Esc. Nº22 ""Sta. María de los Buenos Aires"" - Echeandía 5650"
"8B",,,,,11,,"Esc. Nº6 ""América"" - Av. Escalada 2890"
"8A",,,,,3,,"Club Pampero - Av. Larrazabal 3033"
"8A",,,,,8,,"Club Lugano Tenis - Zelarrayan 5740"
"8A",,,,,7,,"Min. de Desarrollo Humano y Habitat - Av. Piedra Buena 3280"
"8A",,,,,5,,"Esc. Nº2 ""Pampero"" - Cañada de Gómez 3850"
"8A",,,,,7,,"Esc. Nº24 - Zuviría 6590"
"8A",,,,,8,,"Club Nueva Estrella - Santander 4602"
"8A",,,,,6,,"Esc. N°1 “Congreso de La Nación“ - Zuviría 6550"
"9C",,,,,7,,"Esc. Nº5 ""Roberto Billinghurst"" - Zinny 1641"
"9C",,,,,7,6,"Asoc. de Fomento Mariano Acosta - Av. Mariano Acosta 1544"
"9C",,,,,3,,"Inst Parroquial Madre de Dios - Saravia 2335"
"9C",,,,,7,6,"Esc. Nº8 ""Reino de Thailandia"" - Homero 2159"
"9C",,,,,7,5,"Inst. Sup. de Seguridad Pública - Av. Santiago De Compostela 3801"
"9C",,,,,6,4,"Club  América del Sud - Francisco Bilbao 3760 / s/n"
"9C",,,,,8,,"Esc. Nº11  ""Dr. Pedro Goyena"" - Gregorio de Laferrere 3624"
"9C",,,,,8,7,"Esc. Nº17 ""Brig. Gral. C. Saavedra"" - Av. Lacarra 535"
"9C",,,,,3,,"Inst. Luján Porteño - Francisco Bilbao 3474 / 3476"
"9C",,,,,6,,"Esc N°17 “Juan Galo Lavalle” - Gral. Eugenio Garzón 3946 / 3950"
"9C",,,,,8,,"Esc. Nº20 ""Antonio Alice"" - B. Fernández Moreno 3652"
"9C",,,,,7,,"Esc. Nº16 ""Tomás Le Breton"" - Gral. Eugenio Garzón 4346"
"9C",,,,,8,,"Inst. Ntra. Sra. de los Remedios - Francisco Bilbao 4310"
"9C",,,,,5,,"Esc. N°10 ""Antonio Zaccagnini"" - Av. Lacarra 1135"
"9C",,,,,4,5,"Esc. N°18 Dra. Elvira Rawson de Dellepiane - San Pedro 4457"
"9C",,,,,6,,"Alvear Club - José Enrique Rodó 4190"
"9C",,,,,8,5,"Alvear Club – ANEXO - Av. Directorio 4147 / Fernández s/n"
"9C",,,,,4,,"Esc. Nº8 ""P. Albarracín de Sarmiento"" - Pio Collivadino 436"
"9C",,,,,3,,"Esc. Nº24 ""Sara de Elía de Giménez"" - Av. Bruix 4620"
"9C",,,,,6,,"Esc. Nº20 ""Sargento Juan B. Cabral"" - Homero 1157"
"9C",,,,,4,,"Esc. Nº21 ""Pedro Inchauspe"" - José Enrique Rodó 4431"
"9A",,,,,6,,"Asoc. José Hernández - Oliden 1632"
"9A",,,,,6,,"Asoc. de Fomento Corvalán - Tapalque 5147"
"9A",,,,,5,8,"Inst. San Pio X - Manuel Artigas 5261"
"9A",,,,,4,,"Esc. Nº4 ""Rep. del Brasil"" - Manuel Artigas 5951"
"9A",,,,,3,,"Inst. Calasancio Divina Pastora - Manuel Artigas 6124"
"9A",,,,,4,,"Liceo Nº8 ""Esteban Echeverría"" - Murguiondo 1568 / Oliden s/n"
"9A",,,,,5,,"Esc. Nº13 ""Prof. Luz Vieira Méndez"" - Bragado 5350"
"9A",,,,,6,,"Esc. Nº2 “Patria Grande” - Chascomús 5598"
"9A",,,,,4,,"Esc. Nº3 ""Dr. Eduardo L. Holmberg"" - Av. Larrazabal 1556 / Larraya 1555"
"9A",,,,,3,,"Inst. San Vicente de Paul - Oliden 1440"
"9A",,,,,4,,"Inst. Plácido Marin - Av. Larrazabal 1551 / 1555"
"9A",,,,,3,,"Club Brisas del Sud - Guardia Nacional 1956"
"9A",,,,,7,,"Esc. Nº12 ""Presbitero Montes Carballo"" - Larraya 2055"
"9A",,,,,6,,"Esc. Nº14 ""José Antonio Cabrera"" - San Pedro 5845"
"9A",,,,,6,6,"Club Argentino - Albariño 2253"
"9A",,,,,6,,"Esc. Nº19 ""Caja Nac. de Ahorro y Seguro"" - Albariño 2062"
"9A",,,,,6,4,"Club del Plata - Araujo 1879"
"9A",,,,,4,,"Esc. Nº6 ""Prof. Felipe Boero – Adultos"" - Av. Eva Perón 7431"
"9A",,,,,3,,"Esc. Nº14 ""Islas Malvinas"" - Av. de los Corrales 7040"
"9A",,,,,4,,"Esc. Nº11 ""Emilio Von Behring"" - Av. Cnel. Cárdenas 2652"
"9A",,,,,3,,"Esc. Nº6 ""Prof. Felipe Boero"" - Av. Eva Perón 7449"
"9A",,,,,3,,"Esc. Nº20 - Polo Ed. Mataderos – Secundaria - P. de los Artistas s/n y Av. Directorio s/n"
"9A",,,,,4,6,"Esc. Nº23 - Polo Ed. Mataderos – Primaria - P. de los Artistas s/n y Remedios s/n"
"9A",,,,,6,,"Esc N°19 “Roma” - Cosquin 3100"
"9A",,,,,3,,"Centro de Formación Prof. N°4 - Carhué 2970"
"9A",,,,,4,,"Esc. Nº5 “Vicente López y Planes” - Tandil 6690"
"9A",,,,,8,3,"Club Gral. Lamadrid - Carhué 2049"
"9A",,,,,4,,"Inst. San Felipe Neri - Andalgalá 2264"
"9A",,,,,6,4,"Esc. Nº16 ""Dr. Martiniano Leguizamón"" - Martiniano Leguizamón 1470"
"9A",,,,,10,,"Inst. María Ana Mogas - Guaminí 1850"
"9A",,,,,9,,"Inst. Ntra. Sra. de Luján de los Patriotas - Ercilla 7195"
"9A",,,,,5,,"Esc. Nº13 ""Rep. de Filipinas"" - Cosquín 1943"
"9A",,,,,10,,"Club Glorias Argentinas - Bragado 6875"
"9A",,,,,4,,"Esc. Nº7 ""Aristóbulo del Valle"" - Carhué 2157 / s/n"
"9A",,,,,6,,"Club 25 de Mayo 1810 - Cosquín 1661"
"9B",,,,,5,3,"Club Brisas de Liniers - Montiel 1382"
"9B",,,,,3,,"Club Atlético Juventud de Liniers - Montiel 1174"
"9B",,,,,5,,"Club Merlot - Cafayate 758"
"9B",,,,,6,,"Inst. San José – Secundario - Murguiondo s/n  y Ercilla s/n"
"9B",,,,,5,,"Esc. Nº1 ""de la Independencia Argentina"" - Guaminí 1167"
"9B",,,,,4,,"Esc. Nº10 ""Alfonsina Storni"" - Av. Lisandro de la Torre 1171"
"9B",,,,,4,,"Inst. San José – Primario - Av. Emilio Castro 6351"
"9B",,,,,3,,"Club Larrazábal - Av. Larrazábal 829"
"9B",,,,,9,,"Asoc.de Fomento Santiago de Liniers - Caaguazú 6151"
"9B",,,,,7,,"Esc. Nº8 ""Dr. D. Velez Sarsfield"" - Fonrouge 370"
"9B",,,,,4,,"Esc. Nº32 ""José L. Suárez"" - Acassuso 5860"
"9B",,,,,6,,"Esc. Nº18 ""Rep. de Corea"" - Murguiondo 76"
"9B",,,,,4,4,"Esc. Nº9 ""Jose María Torres"" - Av. Larrazábal 420"
"9B",,,,,7,,"Esc. de Danza Nº1 ""Prof. Nelly Ramicone"" - Fonrouge 711"
"9B",,,,,5,,"Esc. Nº15 ""Rep. Islámica de Pákistan"" - Av. Lisandro de la Torre 550"
"9B",,,,,4,,"Inst. Ntra. Sra. de las Nieves - Ventura Bosch 6651 / 6653"
"9B",,,,,4,,"Esc. Nº2 ""Fco. Melitón Álvarez"" - Montiel 1041"
"9B",,,,,3,,"Esc. Nº22 ""Pcia. Santa Cruz"" - Cuzco 116"
"9B",,,,,4,,"Esc. Nº20 ""M. Sanchez de Loria"" - Barragán 366"
"9B",,,,,5,,"Esc. Nº4 ""Gral. Félix de Olazabal"" - Cnel. Ramón L. Falcón 6702"
"9B",,,,,5,,"Esc. Nº17 ""Carlos Morel"" - Ibarrola 7249"
"9B",,,,,7,,"Inst. Dr. D. Vélez Sarsfield - Av. Reservistas Argentinos 249"
"9B",,,,,4,,"Esc. Nº3 ""Rep. Francesa"" - Montiel 153"
"9B",,,,,4,10,"Inst. San Cayetano - Cuzco 176"
"9B",,,,,4,,"Esc. Nº13 ""Cnel. Tomás Espora"" - Gallardo 149"
"10B",,,,,8,,"La Fábrica deportiva - Roma 560"
"10B",,,,,6,3,"Esc. Nº16 ""J. F. Kennedy"" - Bruselas 721"
"10B",,,,,5,,"Esc. Nº25 ""Estados Unidos"" - Bruselas 785"
"10B",,,,,9,,"Inst. Ntra. Sra. del Buen y Perpetuo Socorro - Irigoyen 1143 / Miranda 5755"
"10B",,,,,6,,"Esc. Nº24 ""Maipú"" - Gallardo 521"
"10B",,,,,4,,"Esc. Nº14 ""Guillermo Hudson"" - Arregui 6840"
"10B",,,,,4,,"Esc. Nº 14 ""Simón Bolivar"" - Tinogasta 5768"
"10B",,,,,6,,"Esc. Cristiana Evangélica Argentina - Irigoyen 2150 / Pedro Lozano s/n"
"10B",,,,,4,,"Esc. Nº13 ""Prefectura Naval Argentina"" - Simbrón 5821"
"10B",,,,,5,,"Esc. N°2 ""Rumania"" - Manuel Porcel de Peralta 1437"
"10B",,,,,3,,"Jardín de Infantes Nº5 - Cnel. Ramón Lista 5448"
"10B",,,,,3,,"Esc. Interdisciplinaria N°17 - Cnel. Ramón Lista 5450"
"10B",,,,,5,3,"Club Jorge Newbery - Irigoyen 2092"
"10B",,,,,6,,"Club Villa Real - Tinogasta 5739"
"10B",,,,,5,,"Esc. Nº1 “Martín Fierro” - Martín Fierro 5351"
"10B",,,,,5,,"Esc. Nº35 ""Ingeniero E. Latzina"" - Av. Lope de Vega 2150 / Baigorria 5360"
"10B",,,,,7,3,"Esc. Nº27 ""Hipólito Yrigoyen"" - Virgilio 1980"
"10A",,,,,5,,"Esc. Nº33 ""Maipú"" - Av. Alvarez Jonte 5075"
"10A",,,,,5,,"Esc. Nº 18 ""Gendarmeria Nacional"" - Juan Agustín Garcia 5265"
"10A",,,,,3,,"Esc. Cristiana de la Puerta Abierta - Secundaria - Cervantes 2282"
"10A",,,,,5,,"Esc. Cristiana de la Puerta Abierta - Primaria - Santo Tome 5130"
"10A",,,,,7,,"Esc. Nº9 ""Pcia. de Misiones"" - Lascano 4044"
"10A",,,,,7,5,"Esc. Nº29 ""Dr. Osvaldo Magnasco"" - Chivilcoy 1820"
"10A",,,,,8,,"Esc. Nº3 ""Monte Castro"" - Av. Álvarez Jonte 4651"
"10A",,,,,7,,"Esc. Nº17 ""Tte. Gral. L. M. Campos"" - Santo Tomé 4529"
"10A",,,,,10,,"Esc. Nº2 ""Alejandro Aguado"" - Cervantes 1911 / s/n"
"10A",,,,,3,,"Esc. Nº24 ""Roberto M. Ortiz"" - Bahía Blanca 2535"
"10A",,,,,7,,"Colegio Nuevos Ayres - Bahía Blanca 2246"
"10A",,,,,4,,"Inst. San Rafael - Benito Juárez 2159"
"10B",,,,,7,3,"Esc. Nº30 ""Dr. Esteban A. Gascón"" - San Blas 5387 / Victor Hugo s/n"
"10B",,,,,7,,"Inst. Sacratísimo Corazón de Jesús - Moliere 856"
"10B",,,,,10,,"Club Villa Luro Norte - Elpidio González 5445"
"10B",,,,,9,,"Club Stentor - Pje. Camoati s/n /  Victor Hugo"
"10C",,,,,9,,"Asoc. Los Amigos de Villa Luro - Cnel. Ramón L. Falcón 5176"
"10C",,,,,7,,"Esc. Nº7 ""Rep. Arabe de Egipto"" - Av. Rivadavia 9799"
"10C",,,,,6,,"Esc. Nº1 ""Prof. José Onaindia"" - Rafaela 5159"
"10C",,,,,7,,"Esc. Nº7 ""Recuerdos de Provincia"" - Av. Juan B. Alberdi 4755"
"10C",,,,,5,,"Esc. Nº6 ""Carlos Guido y Spano"" - Cnel. Ramón L. Falcón 4801"
"10C",,,,,7,,"Esc. Nº12 ""Prof. Ramón Gené"" - García de Cossio 5570"
"10C",,,,,8,,"Esc. Modelo D. F. Sarmiento - GIM - Av. Rivadavia 9452"
"10C",,,,,6,7,"Esc. Nº8 ""Base Aérea V.C. Marambio"" - Yerbal 4965"
"10A",,,,,4,,"Esc. Nº10 ""Ada María Eflein"" - Dr. Luis Belaustegui 4949"
"10A",,,,,5,,"Inst. San Ramón Nonato - Cervantes 1168"
"10A",,,,,6,,"Esc. Nº4 Casimiro A. Maciel - Marcos Paz 1732"
"10A",,,,,4,,"Inst. Cristo Rey - Larroque de Roffo 4736"
"10A",,,,,5,,"Esc. Nº 15 ""Manuel Peña"" - Av. Segurola 1104"
"10A",,,,,4,,"Asociación ""Giovanni Gentile"" - Juan Agustín García 5270"
"10A",,,,,6,4,"Club CANBA - San Blas 4577"
"10A",,,,,5,,"Inst. Juan Bautista Berthier - Bacacay 4723"
"10A",,,,,6,3,"Inst. Santísimo Sacramento - Bacacay 4890"
"10C",,,,,7,2,"Esc. Nº1 ""José A. Ferreira"" - Cnel. Ramón L. Falcón 4126"
"10C",,,,,7,,"Esc. Nº2  ""Máximio Saba Victoria"" - Cnel. Ramón L. Falcón 4151"
"10C",,,,,4,,"Inst. Ntra. Sra. del Milagro - Rafaela 3865"
"10C",,,,,5,,"Esc. Nº3 ""Ángela M. de Caviglia"" - Mariano Acosta 45"
"10C",,,,,8,4,"Seminiario Int. Teológico Bautista – SUM - Bolaños 150"
"10C",,,,,4,,"Seminiario Int. Teológico Bautista - Cnel. Ramón L. Falcón 4080"
"10A",,,,,4,,"Inst. Espíritu Santo - Gómez de Fonseca 309"
"10C",,,,,4,,"Esc. De Arte Rogelio Yrurtia - Cajaravilla 4158"
"10A",,,,,5,3,"Esc. Nº10 ""Cnel. de Marina L. Rosales"" - Mercedes 1405"
"10A",,,,,5,,"Esc. Nº16 ""Ernesto A. Bavio"" - Bahia Blanca 1551"
"10A",,,,,4,,"Esc. Nº11 ""Rep. de Perú"" - Gaona 4763"
"10A",,,,,6,,"Esc. Nº13 ""Cnel. J. A. Melián"" - Camarones 4351"
"10A",,,,,4,,"Esc. Nº11 ""Andrés Bello "" - Dr. Luis Belaustegui 3751"
"10A",,,,,4,,"Esc. Interdisciplinaria  Nº 18 - San Blas 4356"
"10A",,,,,8,,"Esc. Nº24 ""Padre Castañeda"" - Morón 3745"
"10A",,,,,8,7,"Colegio Nº18 ""Dr. A. Larroque"" - Morón 4149"
"10A",,,,,7,6,"Esc. Nº23 ""Rep. de Portugal"" - Gualeguaychú 550"
"10A",,,,,6,,"Instituto La Candelaria - Secundaria - Bahia Blanca 363"
"10A",,,,,4,,"Instituto La Candelaria - Primaria - Dr. J. F. Aranguren 4015"
"10A",,,,,7,,"Esc. Nº9 ""M. Fernández"" - Bacacay 3542"
"10A",,,,,5,7,"Esc. Nº3 ""Emilio Giménez Zapiola"" - Joaquín V. González 180"
"10C",,,,,6,,"Colegio Ntra. Sra. de la Paz - Pergamino 53"
"10C",,,,,6,,"Esc. Nº19 ""Fragata ARA Libertad"" - José Bonifacio 3650"
"11A",,,,,10,2,"Inst. Santa Rita - Gimnasio - Paula Albarracín de Sarmiento 3444"
"11A",,,,,7,,"Esc. Nº 18 ""Pcia. de Tierra del Fuego"" - Julio S. Dantas 3260"
"11A",,,,,7,2,"Esc. Nº16 ""Dra. Carolina Tobar García"" - Camarones 3559"
"11A",,,,,3,,"Unión Argentina de Sordomudos - Cuenca 1750"
"11A",,,,,9,2,"Club Gim. y Esg. de Vélez Sársfield - J. V. González 1511 / A. M. Cervantes s/n"
"11A",,,,,7,,"Inst. Carlos Steeb - Camarones 3166"
"11A",,,,,6,4,"Esc. Nº7 ""Rep. de México"" - Juan A. García 2755 / Pje. Calfucurá s/n"
"11A",,,,,7,,"Esc. Nº7 ""Jorge Newbery"" - San Blas 2962"
"11A",,,,,5,,"Esc. Nº17 ""C. de Rodríguez Peña "" - A. Magariños Cervantes 2865"
"11A",,,,,10,,"Esc. Nº25 ""Alfredo D. Zunda"" - R. de Escalada de San Martín 2986"
"11A",,,,,3,4,"Esc. Nº8 ""Quintino Bocayuva"" - Gral. César Díaz 3050"
"11A",,,,,10,,"Club Imperio Juniors - Gral. César Díaz 3047"
"11A",,,,,4,,"Esc. Nº14 ""Enrique Parker"" - Condarco 1129"
"11A",,,,,4,6,"Esc. Nº4 ""Pcia. de la Pampa"" - Caracas 1249"
"11A",,,,,4,,"Esc. Interdisciplinaria Nº12 - Gavilán 1464"
"11A",,,,,5,,"Esc. Nº6 “Alfredo Palacios” - Caracas 2057"
"11A",,,,,8,,"Inst. Ntra. Sra. de la Sagrada Familia - Gral. J. G. de Artigas 1276"
"11A",,,,,10,,"Club Villa Mitre - Gavilán 1540"
"11A",,,,,8,,"Inst. Cabrini - Remedios de Escalada 2059"
"11A",,,,,7,,"Esc. Nº16 ""Fray J.Santa Maria de Oro"" - Av. Álvarez Jonte 1964"
"11A",,,,,7,,"Esc. Nº18 ""Comodoro C. Urtubey"" - A. Magariños Cervantes 1556"
"11A",,,,,7,,"Esc. Nº13 “Leopoldo Marechal” - Galicia 1857"
"11A",,,,,7,,"Esc. Nº9 ""Japón"" - Sanchez 1858"
"11A",,,,,7,7,"Esc. Nº17 ""Santa María de los Bs. As."" - Fragata Pte. Sarmiento 1817"
"11A",,,,,6,,"Esc. Fishbach - Juan. A. García 2044"
"11A",,,,,7,,"Esc. Nº21 ""Rompehielos Gral. San Martín "" - Santo Tomé 2836"
"11A",,,,,6,,"Esc. Nº3 ""Policía Federal Argentina"" - Argerich 2849"
"11A",,,,,7,,"Esc. Nº26 ""Delfina Mitre de Vedia"" - Caracas 2372"
"11A",,,,,5,,"Esc. Nº10 ""Ernesto Galloni"" - Helguera 2435"
"11A",,,,,5,,"Esc. Nº24 ""Francisco Beiró"" - Bolivia 2569"
"11A",,,,,8,,"Club Villa Sahores - Santo Tomé 2496"
"11B",,,,,7,5,"Club Racing de Villa del Parque - Fútbol - Helguera 2841"
"11B",,,,,7,,"Club Racing de Villa del Parque - Basquet - Helguera s/n y Nogoyá"
"11B",,,,,4,,"Colegio Nuevo Pensar - Nogoyá 2620"
"11B",,,,,7,,"Inst. San José de Villa del Parque - Pedro Lozano 3151"
"11B",,,,,6,4,"Esc. Nº17 ""Rodolfo Rivarola"" - Helguera 3341"
"11B",,,,,7,,"Esc. Nº2 ""Prof. Juan José Millan"" - Helguera 3228"
"11B",,,,,6,,"Esc. Nº8 ""Alte. Blanco Encalada"" - Emilio Lamarca 3379"
"11B",,,,,7,,"Inst. Evangélico Americano - Helguera 3246"
"11B",,,,,5,,"Esc. Nº2 ""D. F. Sarmiento"" - Pedro Lozano 3056"
"11B",,,,,6,4,"Esc. Nº1 ""Dr. Dellepiane"" - Baigorria 3169"
"11B",,,,,6,,"Esc. Nº24 ""Defensa de Buenos Aires"" - Ricardo Gutiérrez 3246"
"11B",,,,,8,,"Club G. y E. de Villa del Parque - Tinogasta 3455"
"11A",,,,,8,,"Club El Alba - J. V. Gonzalez 2469"
"11A",,,,,12,,"Club Pacífico - Santo Tomé 3851"
"11A",,,,,6,,"Colegio Santísima Virgen Niña - Cuenca 2651"
"11A",,,,,5,,"Inst. Juan B. Justo - Lascano 3840"
"11B",,,,,9,,"Club Social y Deportivo Pedro Lozano - Gualeguaychú 2902"
"11B",,,,,4,,"Colegio Nº19 ""Luis Pasteur"" - Navarro 4344"
"11B",,,,,7,,"Villa Devoto School - Pedro Morán 4447"
"11B",,,,,7,,"Esc. Nº9 ""Benito Juárez"" - Benito Juárez 2702"
"11B",,,,,9,,"Esc. Nº4 R. Ruiz de los Llanos - Av. Francisco Beiró 4548"
"11B",,,,,9,,"Unión Devoto Social Allende - Melincué 4656"
"11B",,,,,6,4,"Esc. Nº11 ""Dr. José Peralta"" - Pedro Lozano 4250"
"11B",,,,,4,,"Esc. del Mirador - Fernández de Enciso 3565"
"11B",,,,,5,,"Esc. Nº20 ""Pedro Medrano"" - Nueva York 4713"
"11B",,,,,5,,"Esc. Nº16 ""Padre A. Nores"" - Cnel. Ramón Lista 5256"
"11B",,,,,6,,"Esc. Nº19 Bartolina Sisa - Av. Salvador María del Carril 4957"
"11B",,,,,5,,"Esc. Nº22 ""Prof. Pedro L. Comi"" - Tinogasta 5046"
"11B",,,,,5,,"Inst. San Rafael - Simbrón 5275"
"11B",,,,,5,,"Esc. Nº6 Estado de Israel - Calderon de la Barca 3073"
"11B",,,,,4,,"Escuela Hogar San Rafael - Calderón de la Barca 3056"
"11B",,,,,9,3,"Club Gral. Lamadrid - Desaguadero 3120"
"11B",,,,,4,,"Inst. Ntra. Sra. de la Misericordia - Asunción 3780"
"11B",,,,,9,,"Esc. Nº3 ""Antonio Devoto"" - Mercedes 4002"
"11B",,,,,9,,"Inst. Cardenal Copello - Nueva York 3433"
"11B",,,,,5,2,"Esc. Nº15 ""Antonio Devoto"" - Nueva York 4169"
"11B",,,,,5,,"EBDA ""Bartolomeo Ayrola"" - Lincoln 4325"
"11B",,,,,7,,"Esc. Nº23 ""Abel Ayerza"" - Av. Salvador M. del Carril 3650"
"11B",,,,,6,,"Esc. Nº1 ""Dr. Delfin Gallo"" - Fernández de Enciso 4451"
"11B",,,,,9,,"Esc. Nº2 ""Rep. de Panamá"" - Av. San Martín 6387 / 6365"
"11B",,,,,5,,"Esc. Nº5 ""Gabriela Mistral"" - José León Cabezón 3446"
"11B",,,,,5,3,"Esc. Nº15 ""Rep. de Venezuela"" - Obispo San Alberto 3370"
"11B",,,,,6,,"Inst. San José - Emilio Lamarca s/n y Fernández de Enciso"
"11B",,,,,5,,"Esc. Nº16 “Ricardo Rojas” - Gabriela Mistral 3376 / s/n"
"11B",,,,,5,,"Esc. Nº 8 San Juan Bosco - Mercedes 4966"
"12B",,,,,6,,"Esc. Nº1 ""Rodolfo Walsh"" - Argerich 5651"
"12B",,,,,8,,"Inst. Damasa Zelaya de Saavedra - Av. Albarellos 2367 / Zamudio s/n"
"12B",,,,,5,,"Esc. Nº13 ""Hilarión M. Moreno"" - Gral. J. G. de Artigas 5645"
"12B",,,,,4,,"Inst. Ntra. Sra. de Luján - Cochrane 2353 / 2371"
"12B",,,,,8,3,"Esc. Nº23 ""Belisario Roldán "" - Franco 2390"
"12B",,,,,9,,"Esc. Nº22 ""Rep. de Nicaragua"" - Bazurco 2551"
"12B",,,,,3,,"Jardín de Infantes Nº1 ""Prof. L. Sixto Clara"" - Cuenca 5049"
"12B",,,,,4,,"Inst. Politécnico Modelo - Av. de los Constituyentes 5880"
"12B",,,,,8,,"Esc. Nº17 ""G. M. y del Ser  de San Martín"" - Vallejos 2555"
"12B",,,,,5,5,"Inst. Ntra. Sra. del Huerto - Av. Gral. Mosconi 3022 / s/n"
"12B",,,,,7,,"Esc. Nº16 ""Gral. Mosconi"" - Av. Gral. Mosconi 2641"
"12B",,,,,12,,"Esc. Nº2 ""Agustín Tosco"" - Zamudio 4386"
"12B",,,,,8,,"Esc. Nº19 ""T. Sanchez de Bustamante"" - Gavilán 4246"
"12B",,,,,3,,"Colegio Raíces - Gavilán 4455"
"12B",,,,,7,,"Esc. Nº24 ""Ejército Argentino"" - Av. Nazca 5168"
"12B",,,,,5,,"Asoc. De Fomento Pueyrredón - Bazurco 2922"
"12C",,,,,7,,"Esc. Nº14 ""Leopoldo Lugones"" - Juramento 5775 / Ceretti 2025"
"12C",,,,,8,,"Esc. Nº18 ""Helena Larroque de Roffo"" - Medeyros 3555"
"12C",,,,,7,4,"Esc. Nº12 ""Cardenal Pacelli"" - Crisólogo Larralde 5934"
"12C",,,,,7,,"Esc. Nº17 ""Gauchos de Güemes"" - José P. Tamborini 5324"
"12C",,,,,6,,"Esc. Nº9 ""Rep. de Irlanda"" - Iberá 5734"
"12C",,,,,3,,"Club Sin Rumbo - José P. Tamborini 6157"
"12C",,,,,7,,"Esc. Nº6 ""Luis Pasteur"" - Nahuel Huapi 5740"
"12C",,,,,8,,"Club Penacho Azul - José P. Tamborini 5676"
"12C",,,,,5,,"Club Río de la Plata - Iberá 5257"
"12C",,,,,3,,"Club Círculo Gral. Urquiza - Franklin D. Roosevelt 5345"
"12C",,,,,7,,"Esc. Nº10 ""Dr. Ramón J. Carcano"" - Bucarelli 1950"
"12C",,,,,8,,"Inst. Tomás Devoto - F. D. Roosevelt 5678"
"12C",,,,,8,8,"Colegio Nº12 Reconquista - Av. Triunvirato 4992 / Bauness 2679"
"12C",,,,,7,,"Inst. Beata Imelda - Andonaegui 2261"
"12C",,,,,8,,"Inst. Beata Imelda – Gimnasio - Olazábal 5255"
"12C",,,,,7,,"Colegio San Francisco Coll - Bauness 2635"
"12C",,,,,8,,"Esc. Nº9 ""Dominguito"" - Echeverría 5034"
"12C",,,,,9,,"Inst. Sagrada Familia - Blanco Encalada 5154 / s/n"
"12C",,,,,5,,"Colegio Saint Jean - Monroe 5352"
"12C",,,,,9,,"Esc. Nº1 ""Coronel Olavarría"" - Av. Triunvirato 5101"
"12C",,,,,7,,"Esc. Nº11 ""Fray Luis Beltrán"" - Capdevila 3156"
"12C",,,,,6,6,"Esc. Nº3 ""Rep. de Costa Rica"" - Manuela Pedraza 4548"
"12C",,,,,8,,"Club Pinocho - Manuela Pedraza 5141"
"12C",,,,,4,,"St. Patrick´s School – Primaria - Nahuel Huapi 4141 / 4165"
"12C",,,,,7,,"Colegio Cristo Rey - Quesada 5228 / Capdevila 3090"
"12C",,,,,3,,"Esc. Nº24 ""Francisco Morazan"" - Dr. Pedro I. Rivera 4223"
"12C",,,,,6,,"Club Sunderland - Lugones 3161"
"12C",,,,,3,,"Inst. Sup. del Profesorado en Ed. Especial - Holmberg 2754"
"12A",,,,,5,,"Inst. Dulcísimo Nombre de Jesús - Crisólogo Larralde 4841"
"12C",,,,,10,8,"Esc. Nº2 ""Juana Manuela Gorriti"" - Av. Triunvirato 4857"
"12C",,,,,12,1,"UBA - CBC Sede Drago - Holmberg 2614 / 2644"
"12C",,,,,6,,"Esc. Nº21 ""Lic. Justo J. Núñez"" - Mariano Acha 2250"
"12C",,,,,6,,"Esc. Nº4 ""Pcia. de Buenos Aires"" - Av. Alvarez Thomas 3391"
"12C",,,,,8,,"Esc. Nº18 ""José Hernández"" - La Pampa 3855"
"12C",,,,,7,,"Colegio Horacio Watson - Díaz Colodrero 2431"
"12C",,,,,3,,"Inst. San Vicente Palloti - Estomba 1942"
"12C",,,,,3,,"Sede Comunal Nº12 - Holmberg 2548 / s/n"
"12C",,,,,6,,"Esc. Nº16 "" Ejército de los Andes"" - Av. Triunvirato 4247"
"12C",,,,,3,,"Inst. Hijas de Jesús - Olazábal 3849"
"12C",,,,,4,,"Inst. Ceferino Namuncurá - Pacheco 2059"
"12C",,,,,8,,"Esc. Nº8 ""Jorge  A. Boero"" - Juramento 4849"
"12C",,,,,12,,"Esc. Nº22 ""Félix de Azara"" - José P. Tamborini 3948 / s/n"
"12C",,,,,9,,"Inst. Santa Clara de Asís - Manuela Pedraza 3850"
"12C",,,,,12,5,"Inst. Santa María de los Ángeles - Manuela Pedraza 3978"
"12C",,,,,6,,"Inst. Ntra. Sra. del Carmen -  Gimnasio - Av. Melián 2753"
"12C",,,,,7,,"Esc. Nº15 ""Manuel A. Acevedo"" - Tronador 2861"
"12C",,,,,6,,"Esc. N°21 ""Fragata Escuela Libertad"" - Nuñez 3620 / Roque Perez s/n"
"12A",,,,,6,,"Esc. Nº19 ""Naciones Unidas"" - R. Yrurtia 5806 / C. Pellegrini s/n"
"12A",,,,,6,,"Esc. Nº12 ""España"" - Valdenegro 3525 / s/n"
"12A",,,,,5,1,"Esc. Nº 15 ""Dra. Cecilia Grierson"" - Valdenegro 3523"
"12A",,,,,8,,"Esc. Nº25 ""Rep. de Turquía"" - Ruiz Huidobro 3853"
"12A",,,,,7,,"Esc. Nº14 ""F. M. del Barco Centenera"" - Roque Pérez 3545"
"12A",,,,,10,,"Esc. Nº14 ""Dr. Vicente Carmelo Gallo"" - Deheza 4728"
"12A",,,,,5,,"Esc. Nº5 ""Monseñor E. Angelelli"" - Tronador 4134"
"12A",,,,,7,,"Esc. Nº13"" Dr. I. L. Albarracín"" - Mariano Acha 4452"
"12A",,,,,7,,"Esc. Nº18 J. B. Terán - Arias 4763"
"12A",,,,,4,5,"Inst. Santa María de Nazareth - Av. Ricardo Balbín 4131"
"12A",,,,,5,,"Inst. La Salette - Roque Pérez s/n y Ruiz Huidobro"
"12A",,,,,6,,"Club Estudiantes del Norte - Holmberg 4070/ 4078"
"12A",,,,,10,5,"Esc. Nº15 “Pcia. de Santa Fe” - Pico 2629 / 2689"
"12A",,,,,12,,"Esc. Nº21 ""Cnel. C. Saavedra"" - Gral. Ramón Freire 4080"
"12A",,,,,6,,"Inst. San Isidro Labrador - Av. San Isidro Labrador 4700"
"12A",,,,,6,,"Inst. San Francisco de Asís - Crisologo Larralde 2551"
"12A",,,,,6,,"Inst. San Francisco de Asís -  Gimnasio - Ciudad de la Paz 3646 / s/n"
"12A",,,,,7,,"Colegio Divina Providencia - Conesa 4620 / Deheza 2946"
"12A",,,,,6,,"Esc. Nº13 ""Ricardo Monner Sans"" - Ruiz Huidobro 2643"
"12A",,,,,6,,"Esc. Nº6 ""Cnel. M. Dorrego"" - Besares 2990 / s/n"
"13B",,,,,19,,"Escuelas Técnicas Raggio - Av. Del Libertador 8635 / 8651"
"13B",,,,,7,,"Club Náutico Buchardo - Av. Comodoro Rivadavía 1250"
"13B",,,,,,3,"Esc. Nº10 ""Joaquín M. Cullen"" - 11 de Septiembre 3451"
"13B",,,,,8,,"Inst. Aula XXI - 11 de Septiembre 3168"
"13B",,,,,4,,"Inst. Belgrano Uno - Arribeños 2871"
"13B",,,,,8,2,"Esc. Nº10 ""Joaquín M. Cullen"" - 11 de Septiembre 3451"
"13B",,,,,5,2,"Colegio Oak Hill - Padre Canavery 7557"
"13B",,,,,10,,"Inst. Dr. Enrique Romero Brest - Av. Miguel Sanchez 1338 /  s/n"
"13B",,,,,10,,"Esc. Nº9 ""Evaristo Julio Badía"" - O´Higgins 3050"
"13B",,,,,8,4,"Esc. Nº7 ""Manuel J. García"" - Av. Cabildo 3615"
"13B",,,,,9,,"Esc. Nº7 ""Manuel J. García"" – Gimnasio - Av. Cabildo 3631"
"13B",,,,,3,,"Inst. Gral. San Martín – Primaria - Cuba 3302 / 3314"
"13B",,,,,3,2,"Escuela del Jacarandá - Manuela Pedraza 1892"
"13B",,,,,9,,"Esc. Interdisciplinaria Nº10 - O´Higgins 3401"
"13B",,,,,17,,"Esc. Nº12 ""Rodolfo Senet"" - Av. Crámer 3271"
"13B",,,,,12,2,"Esc. Nº16 ""Rep. Dominicana"" - Av. Congreso 3045"
"13B",,,,,3,,"Inst. Gral. San Martín -  Secundaria - Iberá 2351"
"13B",,,,,3,2,"Escuela de La Aldea - Nuñez 2776"
"13B",,,,,5,1,"Esc. Nº4 ""Cnel. Brandsen"" - Juana Azurduy 2541"
"13C",,,,,16,,"Esc. Nº19 ""Pablo Pizzurno"" - Av. Monroe 3000"
"13C",,,,,16,,"Esc. Nº5 ""Héroes de Malvinas"" - Av. Crámer 2136"
"13C",,,,,16,,"Esc. Nº7 ""Manuel Belgrano"" - Av. Monroe 3061"
"13C",,,,,4,,"Esc. Argentina General Belgrano - Av. Monroe 3021 / Conesa s/n"
"13C",,,,,8,1,"Inst. Ntra. Sra. del Sagrado Corazón - Blanco Encalada 2942"
"13C",,,,,6,,"Belgrano Day School - Mendoza 3036"
"13C",,,,,12,12,"Esc. Nº5  ""Juan B. Alberdi"" - Moldes 2043 / s/n"
"13C",,,,,4,,"Esc. N°5 ""Juan B Alberdi – Comedor"" - Amenabar 2060"
"13A",,,,,10,,"Esc. Nº28 ""Rep. Francesa"" - Cuba 2410"
"13A",,,,,11,,"Esc. Nº17 ""Juan Balestra"" - Arcos 2440"
"13A",,,,,17,8,"Esc. Nº10 ""J. B. Alberdi"" - O´Higgins 2441"
"13A",,,,,14,,"Esc. Nº1 ""Casto Munita"" - Cuba 2039 / 2041"
"13A",,,,,5,,"Colegio Oxford - Av. Congreso 1570"
"13A",,,,,8,,"Esc. Nº22 ""R. de Escalada de San Martín"" - Franklin D. Roosevelt 1510"
"13A",,,,,5,,"United High School - Montañeses 2434"
"13A",,,,,3,4,"Inst. Porteño - Montañeses 1936"
"13B",,,,,4,2,"Esc. Nº20 ""Vicealmirante Montes"" - Av. Congreso 1553"
"13A",,,,,14,,"Esc. Nº8 ""Alte. R. González Fernández"" - Mendoza 1000"
"13A",,,,,8,,"Escuela Italiana Cristóforo Colombo - Ramsay 2251"
"13A",,,,,12,,"Inst. San Román – Gimnasio - Juramento 1348"
"13A",,,,,9,5,"Universidad Torcuato Di Tella - Av. Figueroa Alcorta 7350"
"13A",,,,,10,,"Inst. Ntra. Sra. de la Misericordia - Av. Cabildo 1333"
"13A",,,,,15,,"Inst. Manuel Belgrano - La Pampa 2226"
"13A",,,,,6,,"Inst. San Roman – Primaria - Juramento 1368"
"13A",,,,,4,,"Inst. Santa Ana y San Joaquín - Av. del Libertador 6155"
"13A",,,,,9,4,"Esc. Nº23 ""José C. Paz"" - Mcal. A. J. de Sucre 1367"
"13A",,,,,6,,"Club Atlético Excursionistas - La Pampa 1376"
"13C",,,,,6,3,"Inst. Ntra. Sra. del Rosario - Ciudad de la Paz 1839"
"13C",,,,,6,,"Sociedad Española de Socorros Mutuos - Ciudad de la Paz 1750 / 1760"
"13C",,,,,6,,"Nueva Esc. Argentina 2000 – Primaria - Vidal 1838"
"13C",,,,,4,,"Inst. San Cayetano - Moldes 1764"
"13C",,,,,16,2,"Esc. Nº3 ""Esteban Echeverría"" - Moldes 1858"
"13C",,,,,8,,"Inst. Patrocinio de San José – Gimnasio - La Pampa 3023"
"13C",,,,,5,,"Inst. Patrocinio de San José - Conesa 1830 / 1846"
"13C",,,,,10,4,"Liceo Nº9 Santiago Derqui - Conesa 1855"
"13C",,,,,3,,"Nueva Esc. Argentina 2000 – Secundaria - Vidal 1861"
"13C",,,,,3,,"Colegio de la Ciudad - Moldes 1825"
"13C",,,,,6,1,"Esc. N 3 ""Esteban Echeverría – Gimnasio"" - Vidal 1863"
"13C",,,,,8,,"Buenos Aires English High School - Av. Melian 1854"
"13C",,,,,4,,"Colegio St. Brendan´s - Superí 2057"
"13C",,,,,4,2,"Colegio St. Brendan´s – Gimnasio - Echeverría 3343"
"13C",,,,,3,,"Colegio Sworn Junior - Virrey del Pino 3275"
"13C",,,,,4,,"Colegio Pestalozzi - Gral. Ramón Freire 1882"
"13C",,,,,8,4,"Esc. Nº7 ""Marcos Sastre"" - Virrey Loreto 3050"
"13C",,,,,8,,"Esc. Nº17 ""Monseñor Franceschi"" - Gral. Enrique Martinez 1432"
"13C",,,,,7,,"Club Juventud de Belgrano - Virrey Avilés 3167"
"13C",,,,,4,,"St. Catherine´s School - Carbajal 3260"
"13C",,,,,3,,"Colegio Mekhitarista - Virrey del Pino 3511"
"13C",,,,,13,,"Colegio Nº8 ""Julio A. Roca"" - Carlos E. Zuberbühler 1850"
"13C",,,,,13,4,"Esc. Nº13 ""R. Scalabrini Ortiz"" - Conde 223 / s/n"
"13C",,,,,7,,"Colegio Santo Tomás de Aquino - Gral. Ramón Freire 183"
"14B",,,,,13,,"Colegio Industrial León XIII - Concepción Arenal 2774"
"13C",,,,,3,,"Colegio St. Matthew´s - Moldes 1469"
"13C",,,,,8,,"Esc. Nº16 ""Capitán Moyano"" - Moldes 1102"
"13C",,,,,8,,"Colegio Hans Christian Andersen - Primario - Ciudad de la Paz 1282"
"13C",,,,,12,,"Esc. Nº3 ""Juana Manso"" - Zapata 449"
"13C",,,,,3,,"Jardín de Infantes N°9 “Jardín del Sol” - Moldes 1220"
"13C",,,,,7,4,"Inst. Español Virgen del Pilar - Av. Federico Lacroze 2950"
"13C",,,,,6,4,"Esc. Nº15 ""Gral. B. O´Higgins"" - Av. Federico Lacroze 2971"
"13C",,,,,3,1,"Escuela del Sol - Cramer 450"
"13C",,,,,8,,"Esc. Nº12 ""Gran Mcal. del Perú Ramón Castilla"" - Conde 943"
"14B",,,,,6,,"Esc. Nº10 ""Manuel Lainez"" - Olleros 2325"
"14B",,,,,3,,"UB - Facultad de Ingeniería - Villanueva 1324"
"14B",,,,,6,,"Esc. Nº10 ""Manuel Lainez - SUM"" - Av. Federico Lacroze 2322"
"14B",,,,,5,,"Inst. Santa María de Luján - 3 de Febrero 760"
"14B",,,,,12,3,"Esc. Nº6 ""Vicente Fidel López"" - Av. Santa Fe 5039"
"14B",,,,,5,,"Esc.Nº3 ""M. Sánchez de Thompson"" - Av. Cabildo 40"
"14B",,,,,4,2,"Inst. Esquiú - 3 de Febrero 1261"
"14B",,,,,5,4,"Colegio Lincoln - Olleros 2283"
"14B",,,,,5,,"Inst. Corazón de Jesús - Concepción Arenal 2357 / Av. Cabildo 123"
"14B",,,,,4,,"Inst. Privado Colegio Master - Olleros 2110"
"14B",,,,,5,,"Colegio Esclavas del Sagrado Corazón - Maure 1944"
"14B",,,,,4,,"ICANA - 3 de Febrero 821"
"14C",,,,,8,,"Esc. Nº5 ""Honorable Congreso de La Nación"" - Av. del Libertador 4777"
"14C",,,,,8,7,"Esc. Nº3 ""Granaderos de San Martín –
Primar,ia"" - Av. del Libertador 4903"
"14C",,,,,7,,"Esc. Nº3 ""Granaderos de San Martín –
Gimnas,io"" - Av. del Libertador 4903 / s/n"
"14B",,,,,3,,"Inst. Hogar San Benito - Arce 322"
"14B",,,,,7,,"Esc. Nº8 Armenio-Argentina - SUM - Arce s/n / Arce 611"
"14B",,,,,6,4,"Washington School - Av. Federico Lacroze 1973"
"14B",,,,,9,,"Esc. Nº8 Armenio-Argentina - Arce 611"
"13A",,,,,10,,"Club Harrods Gath y Chaves - Virrey del Pino 1480"
"14C",,,,,10,,"Club GEBA - Sede San Martín - Av. de los Ombúes s/n / Av. F. Alcorta 5575"
"14C",,,,,5,,"Jardín de Infantes Nº2 ""Granaderos de San Martín"" - Av. del Libertador 4953"
"14C",,,,,10,5,"Inst. Superior Eccleston - Av. Dorrego 3751"
"14C",,,,,6,,"Inst. San Martín de Tours - Av. Figueroa Alcorta 3380"
"14C",,,,,3,,"Inst. Bayard – Primaria - Jerónimo Salguero 2969"
"14C",,,,,4,,"Inst. Bayard – Secundaria - Castex 3348"
"14C",,,,,11,,"Jardín de Infancia Mitre - Av. Dorrego 3723"
"14C",,,,,3,,"Inst. San Martín de Tours - Zenteno 3160"
"14C",,,,,24,,"La Rural S.A. - Auditorio - Juncal 4431"
"14C",,,,,14,,"La Rural S.A. - Pabellon Ocre - Av. Santa Fe 4201"
"14A",,,,,9,8,"Esc. Nº20 ""Carlos M. Biedma"" - Güemes 4610 / s/n"
"14C",,,,,5,,"Centro CENTES Nº2 - Juan Francisco Seguí 3755"
"14A",,,,,8,,"Esc. de Jardínería Cristóbal M. Hicken - Av. Gral. Las Heras 4078"
"14A",,,,,8,,"Inst. Lange Ley - Av. Scalabrini Ortiz 2840"
"14A",,,,,4,4,"Esc. Nº2 ""Osvaldo Magnasco"" - Av. Santa Fe 3727"
"14A",,,,,4,,"Esc. Nº17 ""Arminda Aberastury"" - Av. Scalabrini Ortiz 2760"
"14A",,,,,10,,"Esc. Nº26 ""Adolfo Van Gelderen"" - Jerónimo Salguero 2455"
"14A",,,,,6,,"Colegio Santa Teresa de Jesús – Primaria - Av. Gral. Las Heras 3670"
"14A",,,,,9,,"Esc. Nº16 ""Wenceslao Posse"" - Juncal 3131"
"14A",,,,,13,4,"Esc. Nº8 ""en Lenguas Vivas"" - Juncal 3251"
"14A",,,,,5,4,"Esc. Nº12 ""General Las Heras"" - Julían Alvarez 2849 / J. Salguero 2360"
"14A",,,,,3,,"Jardín de Infantes N°3 - Juncal 3185"
"14A",,,,,4,,"Sede Comunal Nº14 - Beruti 3325"
"14A",,,,,7,,"Colegio Children´s - Charcas 3949"
"14A",,,,,4,,"Inst. Corazón de María - Guise 1979"
"14A",,,,,6,,"Inst. Corazón de María – SUM - Guise 1965"
"14A",,,,,14,,"Esc. Nº6 ""Vicente López y Planes"" - Güemes 3837 / 3859"
"14A",,,,,8,8,"Colegio Guadalupe - Paraguay 3925 / J. Alvarez 2129"
"14A",,,,,13,,"Colegio del Divino Corazón - Rep. Dominicana 3586"
"14A",,,,,6,,"Esc. Nº4 ""Amadeo Jacques"" - Soler 3929"
"14A",,,,,3,,"Inst. González Pecotche – Secundaria - Av. Coronel Diaz 1774"
"14A",,,,,8,4,"Esc. Nº5 U. Llames de la Puente - L. N. Mansilla 3643 / R. Dominicana s/n"
"14A",,,,,4,,"Instituto Gonzalez Pecotche – Primaria - Vidt 1631"
"14A",,,,,12,4,"Esc. Nº17 ""Blas Parera"" - Armenia 2214"
"14A",,,,,7,6,"Esc. Nº11 ""Manuela Pedraza"" - Malabia 2252"
"14A",,,,,3,,"Inst. Ambrosio Tognoni - Av. Santa Fe 4320"
"14A",,,,,6,,"Esc. Nº7 ""María Claudia Falcone"" - Malabia 2148"
"14A",,,,,4,,"Colegio Armonía - Thames 2472"
"14A",,,,,3,3,"Centro Ed. San Francisco Javier – Primaria - Jorge Luis Borges 1883"
"14A",,,,,6,,"Centro Ed. San Francisco Javier – Secundaria - Jorge Luis Borges 1851"
"14A",,,,,6,6,"Colegio Palermo Chico - Guatemala 4892 / Thames 2037"
"14A",,,,,12,,"Esc. Nº1 ""Rep. de Cuba"" - Costa Rica 4942"
"14A",,,,,5,,"Esc. N° 26 ""Dr. Jorge Garber"" - Darregueyra 2460"
"14A",,,,,3,,"ESEADE - Uriarte 2472"
"14A",,,,,8,,"Centro Cultural de la Ciencia - Godoy Cruz 2270"
"14B",,,,,7,4,"Esc. Nº14 ""Pcia. de Rio Negro"" - Arévalo 1408"
"14B",,,,,7,,"Esc. Nº9 ""Juan C. Lafinur"" - Gorriti 5740"
"14B",,,,,9,,"Colegio Nº4 Nicolás Avellaneda – Gimnasio - El Salvador s/n / El Salvador 5528"
"14B",,,,,7,5,"Colegio Nº4 Nicolás Avellaneda - Humboldt 1750 / El Salvador 5528"
"14B",,,,,7,,"Colegio Fasta Catherina - Soler 5942"
"14B",,,,,5,,"Esc. Francesco Faa Di Bruno - Bonpland 1999"
"14B",,,,,6,7,"Esc. Nº31 ""Naciones Unidas"" - Angel J. Carranza 2045 / s/n"
"14B",,,,,3,,"Colegio St. Xavier – Secundaria - Gorriti 5980"
"14B",,,,,5,,"Esc. Nº4 ""Dr. Rafael Luis Arcone"" - Nicaragua 5732"
"14B",,,,,3,,"Centro de Dia Nº 9 y 13 - Paraguay 5170"
"14B",,,,,6,,"Club Estrella de Maldonado - Humboldt 1731"
"14B",,,,,4,,"Esc. Francesco Faa Di Bruno – Gimnasio - Nicaragua 5664"
"14A",,,,,4,,"Inst. Marie Manoogian - Armenia 1338"
"14A",,,,,4,,"Esc. Primaria Diarbekirian - Niceto Vega 4753"
"14A",,,,,3,7,"Esc. Nº23 ""Dr. José María Bustillo"" - Thames 1361"
"14A",,,,,6,,"Inst.Gascón – SUM - Gurruchaga 1254"
"14A",,,,,5,,"Inst. Gascón - Serrano 1261"
"14A",,,,,6,,"Club Eros - Uriarte 1609 / Honduras  s/n"
"14A",,,,,7,4,"Esc. Nº9 ""Cnel. Genaro Berón de Astrada"" - El Salvador 4037"
"14A",,,,,10,,"Esc. Nº4 ""Pcia. de Córdoba"" - Av. Scalabrini Ortiz 1336"
"14A",,,,,11,,"C.E.A.E.S. Espíritu Santo - Fco. Acuña de Figueroa 1742 / Julián Alvarez 1801"
"14A",,,,,4,,"UP- Facultad de Derecho - Mario Bravo 1050"
"14A",,,,,8,2,"UP - Facultad de Diseño y Comunicación - José A. Cabrera 3641"
"14A",,,,,6,4,"New Model International School - El Salvador 3952"
"15B",,,,,15,3,"Esc. Nº18 ""Yapeyú"" - Malabia 964"
"15B",,,,,5,3,"Inst. Priv. de la Colectividad Helénica - Julián Álvarez 1030"
"15B",,,,,7,2,"Inst. Griego Atenagoras I - Lerma 242"
"15B",,,,,10,2,"Inst. San Jose de la Palabra de Dios - Castillo 767 / Serrano 1005"
"15B",,,,,11,,"Esc. Nº1 ""T. de la Quintana de Escalada"" - Av. Corrientes 5332"
"15 B",,,,,3,,"Casa de la Lectura - Lavalleja 924"
"15B",,,,,5,,"Club Villa Malcolm - Av. Cordoba 5064"
"15B",,,,,8,5,"Esc. Nº2 ""Australia"" - Gurruchaga 739"
"15B",,,,,5,2,"Esc. Nº19 ""Pcia. de Chubut"" - Humboldt 742"
"15B",,,,,8,,"Inst. Integral Mundo Nuevo - Serrano 557 / 547"
"15B",,,,,4,,"Colegio Ecos - Serrano 923"
"15B",,,,,3,,"Colegio Paideia - Juan Ramírez de Velasco 748"
"15B",,,,,3,,"Club Fulgor de Villa Crespo - Loyola 828"
"15B",,,,,4,,"Jardín de infantes N°3 ""Leopoldo Marechal"" - Aguirre 752"
"15B",,,,,7,6,"Esc. Nº17 ""Francisco de Vitoria"" - Julián Álvarez 240"
"15B",,,,,7,3,"Esc. Nº2 “Francisco D. Herrera” - Camargo 725"
"15B",,,,,7,,"Esc. Nº21 ""Alte. Segundo R. Storni"" - Martínez Rosas 1364"
"15B",,,,,5,,"Colegio Buenos Aires - Acevedo 357"
"15B",,,,,6,,"Esc. Nº16 ""Gabriela Mistral"" - Julián Álvarez 123"
"15B",,,,,9,,"Esc. Nº12 ""Herminia Brumana"" - Fitz Roy 171"
"15B",,,,,14,,"Club Atlético Atlanta - Humboldt 540"
"15B",,,,,6,2,"Esc. Nº22 ""Dr. Rómulo S. Naón"" - Aráoz 234"
"15B",,,,,4,,"Instituto Educativo Alas - Lavalleja 250"
"15B",,,,,10,,"Esc. Nº6 ""Delfín Jijena"" - Olaya 1565"
"15B",,,,,7,9,"Esc. Nº16 ""Andrés Ferreyra"" - Cnel. Apolinario Figueroa 661 / s/n"
"15B",,,,,7,,"Esc. Nº21 ""Emilio Raul Olivé"" - Rojas 1554"
"15B",,,,,13,,"Inst. Regina Virginum Adoratrices - H. Pueyrredón 1339 / Cnel. A. Figueroa 435"
"15B",,,,,5,,"Asoc. Benito Nazar - Antezana 340"
"15B",,,,,6,,"Esc. Nº11 ""Dr. Enrique Mosca"" - Casafoust 761"
"15B",,,,,8,,"Esc. Nº16 ""Andrés Ferreyra"" - Comedor - Luis Viale 654"
"15A",,,,,4,,"Esc. Nº10 ""Rep. del Ecuador"" - Espinosa 2547"
"15A",,,,,3,3,"Esc. Nº20 ""Rep. de Honduras"" - Av. Elcano 4861"
"15A",,,,,5,,"Esc. Nº13 ""Pcia. de Neuquén"" - Alte. F. J. Seguí 2580"
"15A",,,,,4,,"Esc. Nº15 ""Pcia. de Mendoza"" - Juan Agustín García 1511"
"15A",,,,,6,,"Club Añasco - Gral. Manuel A. Rodriguez 2650"
"15A",,,,,3,3,"Esc. Nº1 ""Federico García Lorca"" - Av. Chorroarín 305"
"15A",,,,,4,2,"Esc. Nº24 ""Dr. D. Velez Sarsfield"" - Av. del Campo 1340"
"15A",,,,,4,2,"Esc. Nº23 ""Alfredo R. Bufano"" - Gral. Manuel A. Rodriguez 2332"
"15A",,,,,10,,"Asoc. Atlética Argentinos Juniors - Punta Arenas 1271"
"15A",,,,,4,,"Esc. N° 20 ""Dr. Juan Agustín García"" - Nicasio Oroño 2131"
"15A",,,,,7,,"Esc. Nº8 ""C. de Mendez Casariego"" - Av. Jorge Newbery 4436"
"15A",,,,,10,4,"Esc. Nº34 ""Ing. Enrique M. Hermitte"" - Aguirre 1473"
"15A",,,,,8,,"Esc. Nº14 ""Dr. Luis Agote"" - Av. Jorge Newbery 3664"
"15A",,,,,3,,"Sede Comunal Nº15 - Bonpland 1271"
"15A",,,,,7,3,"Esc. Nº1 ""Rubén Darío"" - Otero 271"
"15A",,,,,5,,"Esc. Nº18 ""Cabildo de Buenos Aires"" - Av. Federico Lacroze 3839"
"15A",,,,,5,,"Argentina School - Giribone 867 / 873"
"15A",,,,,9,8,"Esc. Nº32 ""Gral. José de San Martín"" - Teodoro Garcia 3871"
"15A",,,,,6,,"Escuela del Siglo Nuevo - Olleros 3855"
"15A",,,,,4,2,"Jardín de Infantes Nº 3 ""El Jardín de Olleros"" - Olleros 3621"
"15A",,,,,5,,"Espacio Cultural Carlos Gardel - Olleros 3640"
"15C",,,,,9,2,"Esc. Nº2 ""Gral. Mariano Acha"" - Roseti 1450"
"15C",,,,,5,3,"Esc. Nº26 ""José Mármol"" - Carbajal 4019"
"15C",,,,,6,,"Inst. C. Estrada de Martínez - Av. del Campo 1653"
"15C",,,,,6,,"Esc. Nº4 ""Gral. J. A. Lavalleja"" - 14 de Julio 546"
"15C",,,,,3,,"Inst. Educativo Duayen - Ballivián 2230"
"15C",,,,,8,,"Esc. Interdisciplinaria Nº14 - Av. Triunvirato 3626"
"15C",,,,,7,2,"Inst. Parroquial San Roque - Charlone 1866"
"15C",,,,,6,,"Esc. Nº3 “Ing. Álvarez Condarco” - Girardot 1946 / s/n"
"15C",,,,,3,1,"Esc. Nº18 ""Cecilia María de Cano"" - Giribone 1961"
"15C",,,,,4,,"U.T.N. Instituto Nacional Superior del Profesorado Técnico - Av. Triunvirato 3174"
"15C",,,,,5,,"Esc. Nº5 “Enrique de Vedia” - Combatientes de Malvinas 3234"
"15C",,,,,4,,"Esc. Nº27 “Petronila Rodriguez” - Andonaegui 1532 / Sofìa s/n"
"15C",,,,,10,,"Inst. Santa Teresita - Quirós 2941"
"15C",,,,,8,,"Asociación de Fomento Parque Chas - Bauness 1486"
"15C",,,,,10,,"Club Agronomía Central - Bauness 958"
"15C",,,,,10,5,"Club Saber - Llerena 2727"
"15C",,,,,5,,"Esc. Nº25 “Carmen Sonda de Pandolfini” - Av. San Martín 5021"
"15C",,,,,9,,"Esc. Nº22 “Agronomía “ - Av. de los Constituyentes 3100"
"15C",,,,,4,3,"Esc. Nº3 “Grecia” - Condarco 3984"
"15C",,,,,5,,"Esc. Nº4 “Cnel. Mayor Álvarez Thomas” - Terrada 3983"
"15C",,,,,3,,"Esc. Nº11 “Congreso de Tucumán” - Pedro Moran 2899"
"15C",,,,,7,,"Club Biblioteca Artigas - Navarro 2544"
"15C",,,,,4,,"Club El Talar - Nueva York 2944"
